Position,Track Name,Artist,Streams,URL,Date,Region
1,Criminal,Natti Natasha,7353,https://open.spotify.com/track/6Za3190Sbw39BBC77WSS1C,2018-01-01,hn
2,Sensualidad,Bad Bunny,7277,https://open.spotify.com/track/5hcisvFMidkMJlElTO9Qmw,2018-01-01,hn
3,Solo,El Nene La amenaza,6224,https://open.spotify.com/track/2rrJfOphzn4uQCK9X0x6R6,2018-01-01,hn
4,Mayores,Becky G,5700,https://open.spotify.com/track/7JNh1cfm0eXjqFVOzKLyau,2018-01-01,hn
5,Me Rehúso,Danny Ocean,5593,https://open.spotify.com/track/6De0lHrwBfPfrhorm9q1Xl,2018-01-01,hn
6,Échame La Culpa,Luis Fonsi,5422,https://open.spotify.com/track/1zsG4eaZmkA1dvjDDsAGLK,2018-01-01,hn
7,Déjala Que Vuelva (feat. Manuel Turizo),Piso 21,5416,https://open.spotify.com/track/33bnxcjePIkcmNjEFTJX0l,2018-01-01,hn
8,Se Preparó,Ozuna,5397,https://open.spotify.com/track/1m69ELEgE6k5ZWsap40ozt,2018-01-01,hn
9,Corazón,Maluma,4996,https://open.spotify.com/track/4lESS6vuruP6a79KWRaQou,2018-01-01,hn
10,Robarte un Beso,Carlos Vives,4937,https://open.spotify.com/track/0JcNysfWVWaMS7R6vzGB2k,2018-01-01,hn
11,Que Va,Alex Sensation,4749,https://open.spotify.com/track/7ofxPmTNMj2GP07g1VZa0O,2018-01-01,hn
12,Báilame - Remix,Nacho,4360,https://open.spotify.com/track/3VClLWqNn80Llv0PJOsKgr,2018-01-01,hn
13,Vuelve,Daddy Yankee,4298,https://open.spotify.com/track/0lJCqIx5BhZtf6QtYI2fbv,2018-01-01,hn
14,Downtown,Anitta,4203,https://open.spotify.com/track/3Ga6eKrUFf12ouh9Yw3v2D,2018-01-01,hn
15,Mi Gente,J Balvin,3880,https://open.spotify.com/track/2rb5MvYT7ZIxbKW5hfcHx8,2018-01-01,hn
16,Adiós Amor,Christian Nodal,3865,https://open.spotify.com/track/63bmZnBN1CiJ9sA4qTEe8y,2018-01-01,hn
17,Bella y Sensual,Romeo Santos,3864,https://open.spotify.com/track/0ERbK7qVqveCaBWIiYCrl3,2018-01-01,hn
18,Escápate Conmigo,Wisin,3813,https://open.spotify.com/track/1KSqYYJFyfTecXFk9M0prc,2018-01-01,hn
19,Chambea,Bad Bunny,3433,https://open.spotify.com/track/6ElmxV9B2mSNscEjP27M7i,2018-01-01,hn
20,Bonita,J Balvin,3401,https://open.spotify.com/track/693iqPOQvhI7PobtR8CC8v,2018-01-01,hn
21,Perro Fiel,Shakira,3401,https://open.spotify.com/track/70lnL3QaSOIIyMa2X9aVRL,2018-01-01,hn
22,Felices los 4,Maluma,3384,https://open.spotify.com/track/0qYTZCo5Bwh1nsUFGZP3zn,2018-01-01,hn
23,Suena El Dembow,Joey Montana,3378,https://open.spotify.com/track/5TysCiZtv1HnSWcTcUFusI,2018-01-01,hn
24,rockstar,Post Malone,3362,https://open.spotify.com/track/7wGoVu4Dady5GV0Sv4UIsx,2018-01-01,hn
25,SUTRA,Sebastian Yatra,3248,https://open.spotify.com/track/5TmZYdHW6HJ9gt7Aokuql5,2018-01-01,hn
26,New Rules,Dua Lipa,3234,https://open.spotify.com/track/2ekn2ttSfGqwhhate0LSR0,2018-01-01,hn
27,Una Lady Como Tú,Manuel Turizo,3077,https://open.spotify.com/track/7MHN1aCFtLXjownGhvEQlF,2018-01-01,hn
28,Shape of You,Ed Sheeran,2985,https://open.spotify.com/track/7qiZfU4dY1lWllzX7mPBI3,2018-01-01,hn
29,Quiero Repetir,Ozuna,2970,https://open.spotify.com/track/0MIcPSq9n2z5H8TAfEstri,2018-01-01,hn
30,Ahora Dice,Chris Jeday,2957,https://open.spotify.com/track/22eADXu8DfOAUEDw4vU8qy,2018-01-01,hn
31,Me Emborrachare - Bachata Radio Edit,Grupo Extra,2886,https://open.spotify.com/track/3iGjLTDqokSuf6yYI83wzi,2018-01-01,hn
32,"Sola (Remix) [feat. Daddy Yankee, Wisin, Farruko, Zion & Lennox]",Anuel Aa,2847,https://open.spotify.com/track/5q2JbCNi4FcnglgPfxcV65,2018-01-01,hn
33,Explícale,Yandel,2810,https://open.spotify.com/track/1LszjjoVwDDZcWUQbzeDLG,2018-01-01,hn
34,Havana,Camila Cabello,2767,https://open.spotify.com/track/0ofbQMrRDsUaVKq2mGLEAb,2018-01-01,hn
35,El Farsante,Ozuna,2705,https://open.spotify.com/track/5EId1m4DNwTf3at31w8bPJ,2018-01-01,hn
36,Havana - Remix,Camila Cabello,2651,https://open.spotify.com/track/3whrwq4DtvucphBPUogRuJ,2018-01-01,hn
37,What Lovers Do (feat. SZA),Maroon 5,2506,https://open.spotify.com/track/3hBBKuWJfxlIlnd9QFoC8k,2018-01-01,hn
38,Bum Bum Tam Tam,MC Fioti,2486,https://open.spotify.com/track/4zWO4gvuFtw6EJZC5FFGlr,2018-01-01,hn
39,Joh Es Pa Fuera Que Vas,Macario Mejia,2396,https://open.spotify.com/track/4ffAqsKvY0qVJmNcU5rBTj,2018-01-01,hn
40,Cásate Conmigo,Silvestre Dangond,2347,https://open.spotify.com/track/6f4UPdDBQONKJBRqwZGjaJ,2018-01-01,hn
41,Perfect,Ed Sheeran,2273,https://open.spotify.com/track/0tgVpDi06FyKpA1z0VMD4v,2018-01-01,hn
42,Despacito (Featuring Daddy Yankee),Luis Fonsi,2191,https://open.spotify.com/track/4aWmUDTfIPGksMNLV2rQP2,2018-01-01,hn
43,Dembow,Danny Ocean,2190,https://open.spotify.com/track/2EzRdhuoPyNJDlep7lnNf2,2018-01-01,hn
44,Solo - Remix,Lary Over,2162,https://open.spotify.com/track/3l7mBXrUfRwa4VO8nHLAgJ,2018-01-01,hn
45,Tú Foto,Ozuna,2140,https://open.spotify.com/track/5zSOVwaY3sVjnmLhuEfsuf,2018-01-01,hn
46,Gucci Gang,Lil Pump,2130,https://open.spotify.com/track/43ZyHQITOjhciSUUNPVRHc,2018-01-01,hn
47,Krippy Kush,Farruko,2096,https://open.spotify.com/track/7FfpP3YZ6fOWMdxkIAtud9,2018-01-01,hn
48,Otra Vez (feat. J Balvin),Zion & Lennox,2090,https://open.spotify.com/track/3QwBODjSEzelZyVjxPOHdq,2018-01-01,hn
49,Wolves,Selena Gomez,2076,https://open.spotify.com/track/7EmGUiUaOSGDnUUQUDrOXC,2018-01-01,hn
50,GPS,Maluma,1948,https://open.spotify.com/track/3t6j6WNv2OSn6qm5Vxynub,2018-01-01,hn
51,El Color de Tus Ojos,Banda Sinaloense MS de Sergio Lizárraga,1910,https://open.spotify.com/track/1l77YWrGUp3qX3NS1rz7lq,2018-01-01,hn
52,Imitadora,Romeo Santos,1847,https://open.spotify.com/track/6r46lnXFbE9fr2d3KNaGbe,2018-01-01,hn
53,Ahora Me Llama,Karol G,1830,https://open.spotify.com/track/11ZRYISCsAsLyyJo47DudZ,2018-01-01,hn
54,Si Tú La Ves,Nicky Jam,1797,https://open.spotify.com/track/4yN6xPLopmTLvc27pO9LIE,2018-01-01,hn
55,Ahora Se,Lary Over,1750,https://open.spotify.com/track/3hfpB94cfVvdLAnm8TUBAv,2018-01-01,hn
56,Hey DJ,CNCO,1699,https://open.spotify.com/track/209gZgcfLq2aUuu51vOWBl,2018-01-01,hn
57,Unforgettable,French Montana,1649,https://open.spotify.com/track/3B54sVLJ402zGa6Xm4YGNe,2018-01-01,hn
58,"Diles (feat. Arcangel, Nengo Flow, Dj Luian & Mambo Kings)",Farruko,1643,https://open.spotify.com/track/2FrnTVSHjgnEylKGdHRUK1,2018-01-01,hn
59,Como Antes,Yandel,1626,https://open.spotify.com/track/5YzA563GXTuwQaRq24z1k5,2018-01-01,hn
60,Tu Eres Ajena,Eddy Herrera,1520,https://open.spotify.com/track/1jD48pmiHMSVHHPzKLi4P3,2018-01-01,hn
61,Too Good At Goodbyes,Sam Smith,1516,https://open.spotify.com/track/1mXVgsBdtIVeCLJnSnmtdV,2018-01-01,hn
62,Sigo Extrañándote,J Balvin,1509,https://open.spotify.com/track/6qDF4wWL49CAVbgT7yuHl8,2018-01-01,hn
63,One Dance,Drake,1507,https://open.spotify.com/track/1xznGGDReH1oQq0xzbwXa3,2018-01-01,hn
64,Me Vas a Extrañar,Banda Sinaloense MS de Sergio Lizárraga,1499,https://open.spotify.com/track/2yS8aYWXEWJ1NlZ7VPDroT,2018-01-01,hn
65,Despacito - Remix,Luis Fonsi,1493,https://open.spotify.com/track/5CtI0qwDJkDQGwXD1H1cLb,2018-01-01,hn
66,3 A.M.,Jesse & Joy,1492,https://open.spotify.com/track/0yyZN5ASdrYu0XYWFzfxUu,2018-01-01,hn
67,Tengo Que Colgar,Banda Sinaloense MS de Sergio Lizárraga,1460,https://open.spotify.com/track/2yGNkkwU2iT0doFxkxhcXH,2018-01-01,hn
68,Traicionera,Sebastian Yatra,1415,https://open.spotify.com/track/5J1c3M4EldCfNxXwrwt8mT,2018-01-01,hn
69,Cómo Te Voy A Olvidar,Los Angeles Azules,1411,https://open.spotify.com/track/51dNexiESqcJLsGLrmg1Nv,2018-01-01,hn
70,Síguelo Bailando,Ozuna,1403,https://open.spotify.com/track/5Y9fnynLlIvqtM710MHzfz,2018-01-01,hn
71,Bebe (feat. Anuel AA),Ozuna,1376,https://open.spotify.com/track/6SIrNxmmdbv1KUbFBu1PaN,2018-01-01,hn
72,Sexto Sentido (feat. Bad Bunny),Gigolo Y La Exce,1376,https://open.spotify.com/track/3iDPALl8BoUbuXZgy6EOWY,2018-01-01,hn
73,Closer,The Chainsmokers,1370,https://open.spotify.com/track/7BKLCZ1jbUBVqRi2FVlTVw,2018-01-01,hn
74,El Amante,Nicky Jam,1368,https://open.spotify.com/track/3umS4y3uQDkqekNjVpiRUs,2018-01-01,hn
75,Suavemente,Elvis Crespo,1353,https://open.spotify.com/track/7JIjUx3GsL0upxmNJacmtz,2018-01-01,hn
76,El Peluquero,Aniceto Molina Y La Luz Roja De San Marcos,1333,https://open.spotify.com/track/6oZ758glOlYOONe5KdZ1GN,2018-01-01,hn
77,Escápate Conmigo - Remix,Wisin,1317,https://open.spotify.com/track/5YY7ht3PCArlLjLbcTiAvh,2018-01-01,hn
78,La Rompe Corazones,Daddy Yankee,1305,https://open.spotify.com/track/4okba5wu9mMLXx79DXLKi3,2018-01-01,hn
79,Reggaetón Lento (Bailemos),CNCO,1295,https://open.spotify.com/track/3AEZUABDXNtecAOSC1qTfo,2018-01-01,hn
80,La Formula (feat. Chris Jeday),De La Ghetto,1286,https://open.spotify.com/track/4XCQtUoRSh22Ep18ULmDnT,2018-01-01,hn
81,La Modelo,Ozuna,1284,https://open.spotify.com/track/2m2ZGfJcs3lHWNPzhWH3XH,2018-01-01,hn
82,Tu Amor Me Hace Bien - Salsa Version,Marc Anthony,1284,https://open.spotify.com/track/12H7K15h3aC5vRCaca65el,2018-01-01,hn
83,El Listón De Tu Pelo,Los Angeles Azules,1282,https://open.spotify.com/track/5hrxAFrYbNTLjAYSrmbpgr,2018-01-01,hn
84,Vivir Mi Vida,Marc Anthony,1282,https://open.spotify.com/track/3QHMxEOAGD51PDlbFPHLyJ,2018-01-01,hn
85,17 Años,Los Angeles Azules,1279,https://open.spotify.com/track/1Y372uxsCkKqNclj2ercap,2018-01-01,hn
86,La Dueña del Swing,Los Hermanos Rosario,1264,https://open.spotify.com/track/3vCeDhrInX8te6SoaqZbvu,2018-01-01,hn
87,La Bicicleta,Carlos Vives,1262,https://open.spotify.com/track/0sXvAOmXgjR2QUqLK1MltU,2018-01-01,hn
88,Siempre Te Voy A Querer,Calibre 50,1254,https://open.spotify.com/track/3VK8copXwqvAueMPhnBe6K,2018-01-01,hn
89,Solo Con Verte,Banda Sinaloense MS de Sergio Lizárraga,1252,https://open.spotify.com/track/5z4O1H0vFY0Nh4ZMtfgapP,2018-01-01,hn
90,Háblame De Ti,Banda Sinaloense MS de Sergio Lizárraga,1252,https://open.spotify.com/track/1O18MtSAMUk7JfAVB8gGzs,2018-01-01,hn
91,Diabla - Official Remix,Farruko,1243,https://open.spotify.com/track/2OxUtaKYeahAGNaBiahXtR,2018-01-01,hn
92,Me Llamas (feat. Maluma) - Remix,Piso 21,1232,https://open.spotify.com/track/5hEM0JchdVzQ5PwvSfITeX,2018-01-01,hn
93,Congratulations,Post Malone,1231,https://open.spotify.com/track/3a1lNhkSLSkpJE4MSHpDu9,2018-01-01,hn
94,"Tu No Metes Cabra Remix (feat. Daddy Yankee, Anuel AA & Cosculluela)",Bad Bunny,1222,https://open.spotify.com/track/0QQNA8bZqefrGfsShzlZkb,2018-01-01,hn
95,Something Just Like This,The Chainsmokers,1221,https://open.spotify.com/track/6RUKPb4LETWmmr3iAEQktW,2018-01-01,hn
96,Bella,Wolfine,1218,https://open.spotify.com/track/4R55IUi2x7S5ek2SpebOiE,2018-01-01,hn
97,Yo No Sé Mañana (salsa),Luis Enrique,1204,https://open.spotify.com/track/1nZziTuPRwCfJe1XvVC760,2018-01-01,hn
98,No Lie,Sean Paul,1134,https://open.spotify.com/track/3cFsmM51N5zMAuu1nNY4Tw,2018-01-01,hn
99,Bonita - Remix,J Balvin,1125,https://open.spotify.com/track/400nZFg9JEXd9DTBJf1PE3,2018-01-01,hn
100,Me Mata,Bad Bunny,1116,https://open.spotify.com/track/2wgDAPgBhFA7pnIbm0YOhP,2018-01-01,hn
101,Dusk Till Dawn - Radio Edit,ZAYN,1097,https://open.spotify.com/track/1j4kHkkpqZRBwE0A4CN4Yv,2018-01-01,hn
102,Thunder,Imagine Dragons,1097,https://open.spotify.com/track/0tKcYR2II1VCQWT79i5NrW,2018-01-01,hn
103,Soy Peor,Bad Bunny,1091,https://open.spotify.com/track/5MT96Zz0ymUJNm8obKZQr0,2018-01-01,hn
104,Safari,J Balvin,1088,https://open.spotify.com/track/6rQSrBHf7HlZjtcMZ4S4bO,2018-01-01,hn
105,Probablemente,Christian Nodal,1082,https://open.spotify.com/track/4prmUBle7TtAeeUgCnsc3Z,2018-01-01,hn
106,Besame,Valentino,1078,https://open.spotify.com/track/7Ckhk1XW5NV2k4jpqtQNlz,2018-01-01,hn
107,Loco Enamorado,Abraham Mateo,1069,https://open.spotify.com/track/4N1c5rmWOzRmB9SMacr5wB,2018-01-01,hn
108,Feels,Calvin Harris,1054,https://open.spotify.com/track/5bcTCxgc7xVfSaMV3RuVke,2018-01-01,hn
109,Vente Pa' Ca,Ricky Martin,1045,https://open.spotify.com/track/7DM4BPaS7uofFul3ywMe46,2018-01-01,hn
110,El Año Viejo,Tony Camargo,1043,https://open.spotify.com/track/5PZlMcW7VUlti8IRdApRIn,2018-01-01,hn
111,Andas En Mi Cabeza,Chino & Nacho,1034,https://open.spotify.com/track/5mey7CLLuFToM2P68Qu1gF,2018-01-01,hn
112,17 Años - En Vivo Concierto Sinfónico Cumbia Fuzión by Fuze Tea,Los Angeles Azules,1008,https://open.spotify.com/track/1ODoXFTC06Gts1blnAS3h4,2018-01-01,hn
113,Una Lady Como Tú - Remix,Manuel Turizo,1007,https://open.spotify.com/track/7MMRoGvm7uhoUVhGvHJ3yW,2018-01-01,hn
114,No Te Hagas,Jory Boy,1007,https://open.spotify.com/track/5hKjEpYrJIJs6uPl7zw6Y6,2018-01-01,hn
115,Si Tu Novio Te Deja Sola,J Balvin,1003,https://open.spotify.com/track/0RFFFGtPn6a58RHY3ccVYX,2018-01-01,hn
1,Sensualidad,Bad Bunny,6145,https://open.spotify.com/track/5hcisvFMidkMJlElTO9Qmw,2018-01-02,hn
2,Criminal,Natti Natasha,5237,https://open.spotify.com/track/6Za3190Sbw39BBC77WSS1C,2018-01-02,hn
3,Solo,El Nene La amenaza,5141,https://open.spotify.com/track/2rrJfOphzn4uQCK9X0x6R6,2018-01-02,hn
4,Déjala Que Vuelva (feat. Manuel Turizo),Piso 21,4814,https://open.spotify.com/track/33bnxcjePIkcmNjEFTJX0l,2018-01-02,hn
5,Corazón,Maluma,4312,https://open.spotify.com/track/4lESS6vuruP6a79KWRaQou,2018-01-02,hn
6,Échame La Culpa,Luis Fonsi,4238,https://open.spotify.com/track/1zsG4eaZmkA1dvjDDsAGLK,2018-01-02,hn
7,Se Preparó,Ozuna,4137,https://open.spotify.com/track/1m69ELEgE6k5ZWsap40ozt,2018-01-02,hn
8,Me Rehúso,Danny Ocean,4088,https://open.spotify.com/track/6De0lHrwBfPfrhorm9q1Xl,2018-01-02,hn
9,Downtown,Anitta,4086,https://open.spotify.com/track/3Ga6eKrUFf12ouh9Yw3v2D,2018-01-02,hn
10,Mayores,Becky G,3941,https://open.spotify.com/track/7JNh1cfm0eXjqFVOzKLyau,2018-01-02,hn
11,Vuelve,Daddy Yankee,3878,https://open.spotify.com/track/0lJCqIx5BhZtf6QtYI2fbv,2018-01-02,hn
12,Que Va,Alex Sensation,3741,https://open.spotify.com/track/7ofxPmTNMj2GP07g1VZa0O,2018-01-02,hn
13,Robarte un Beso,Carlos Vives,3655,https://open.spotify.com/track/0JcNysfWVWaMS7R6vzGB2k,2018-01-02,hn
14,Báilame - Remix,Nacho,3479,https://open.spotify.com/track/3VClLWqNn80Llv0PJOsKgr,2018-01-02,hn
15,Chambea,Bad Bunny,3272,https://open.spotify.com/track/6ElmxV9B2mSNscEjP27M7i,2018-01-02,hn
16,Bella y Sensual,Romeo Santos,3057,https://open.spotify.com/track/0ERbK7qVqveCaBWIiYCrl3,2018-01-02,hn
17,rockstar,Post Malone,3004,https://open.spotify.com/track/7wGoVu4Dady5GV0Sv4UIsx,2018-01-02,hn
18,Escápate Conmigo,Wisin,2889,https://open.spotify.com/track/1KSqYYJFyfTecXFk9M0prc,2018-01-02,hn
19,New Rules,Dua Lipa,2858,https://open.spotify.com/track/2ekn2ttSfGqwhhate0LSR0,2018-01-02,hn
20,SUTRA,Sebastian Yatra,2770,https://open.spotify.com/track/5TmZYdHW6HJ9gt7Aokuql5,2018-01-02,hn
21,Perfect,Ed Sheeran,2765,https://open.spotify.com/track/0tgVpDi06FyKpA1z0VMD4v,2018-01-02,hn
22,Suena El Dembow,Joey Montana,2746,https://open.spotify.com/track/5TysCiZtv1HnSWcTcUFusI,2018-01-02,hn
23,Havana,Camila Cabello,2686,https://open.spotify.com/track/0ofbQMrRDsUaVKq2mGLEAb,2018-01-02,hn
24,Mi Gente,J Balvin,2677,https://open.spotify.com/track/2rb5MvYT7ZIxbKW5hfcHx8,2018-01-02,hn
25,Quiero Repetir,Ozuna,2670,https://open.spotify.com/track/0MIcPSq9n2z5H8TAfEstri,2018-01-02,hn
26,Perro Fiel,Shakira,2635,https://open.spotify.com/track/70lnL3QaSOIIyMa2X9aVRL,2018-01-02,hn
27,Ahora Dice,Chris Jeday,2621,https://open.spotify.com/track/22eADXu8DfOAUEDw4vU8qy,2018-01-02,hn
28,Una Lady Como Tú,Manuel Turizo,2566,https://open.spotify.com/track/7MHN1aCFtLXjownGhvEQlF,2018-01-02,hn
29,Shape of You,Ed Sheeran,2537,https://open.spotify.com/track/7qiZfU4dY1lWllzX7mPBI3,2018-01-02,hn
30,Adiós Amor,Christian Nodal,2519,https://open.spotify.com/track/63bmZnBN1CiJ9sA4qTEe8y,2018-01-02,hn
31,Bonita,J Balvin,2510,https://open.spotify.com/track/693iqPOQvhI7PobtR8CC8v,2018-01-02,hn
32,El Farsante,Ozuna,2478,https://open.spotify.com/track/5EId1m4DNwTf3at31w8bPJ,2018-01-02,hn
33,Explícale,Yandel,2429,https://open.spotify.com/track/1LszjjoVwDDZcWUQbzeDLG,2018-01-02,hn
34,"Sola (Remix) [feat. Daddy Yankee, Wisin, Farruko, Zion & Lennox]",Anuel Aa,2369,https://open.spotify.com/track/5q2JbCNi4FcnglgPfxcV65,2018-01-02,hn
35,What Lovers Do (feat. SZA),Maroon 5,2287,https://open.spotify.com/track/3hBBKuWJfxlIlnd9QFoC8k,2018-01-02,hn
36,Havana - Remix,Camila Cabello,2279,https://open.spotify.com/track/3whrwq4DtvucphBPUogRuJ,2018-01-02,hn
37,Gucci Gang,Lil Pump,2268,https://open.spotify.com/track/43ZyHQITOjhciSUUNPVRHc,2018-01-02,hn
38,Dembow,Danny Ocean,2263,https://open.spotify.com/track/2EzRdhuoPyNJDlep7lnNf2,2018-01-02,hn
39,Felices los 4,Maluma,2217,https://open.spotify.com/track/0qYTZCo5Bwh1nsUFGZP3zn,2018-01-02,hn
40,Bum Bum Tam Tam,MC Fioti,2157,https://open.spotify.com/track/4zWO4gvuFtw6EJZC5FFGlr,2018-01-02,hn
41,Wolves,Selena Gomez,2125,https://open.spotify.com/track/7EmGUiUaOSGDnUUQUDrOXC,2018-01-02,hn
42,Cásate Conmigo,Silvestre Dangond,1963,https://open.spotify.com/track/6f4UPdDBQONKJBRqwZGjaJ,2018-01-02,hn
43,Solo - Remix,Lary Over,1901,https://open.spotify.com/track/3l7mBXrUfRwa4VO8nHLAgJ,2018-01-02,hn
44,Tú Foto,Ozuna,1862,https://open.spotify.com/track/5zSOVwaY3sVjnmLhuEfsuf,2018-01-02,hn
45,Me Emborrachare - Bachata Radio Edit,Grupo Extra,1859,https://open.spotify.com/track/3iGjLTDqokSuf6yYI83wzi,2018-01-02,hn
46,Too Good At Goodbyes,Sam Smith,1797,https://open.spotify.com/track/1mXVgsBdtIVeCLJnSnmtdV,2018-01-02,hn
47,GPS,Maluma,1765,https://open.spotify.com/track/3t6j6WNv2OSn6qm5Vxynub,2018-01-02,hn
48,Ahora Me Llama,Karol G,1657,https://open.spotify.com/track/11ZRYISCsAsLyyJo47DudZ,2018-01-02,hn
49,Krippy Kush,Farruko,1657,https://open.spotify.com/track/7FfpP3YZ6fOWMdxkIAtud9,2018-01-02,hn
50,Ahora Se,Lary Over,1581,https://open.spotify.com/track/3hfpB94cfVvdLAnm8TUBAv,2018-01-02,hn
51,Otra Vez (feat. J Balvin),Zion & Lennox,1543,https://open.spotify.com/track/3QwBODjSEzelZyVjxPOHdq,2018-01-02,hn
52,"Diles (feat. Arcangel, Nengo Flow, Dj Luian & Mambo Kings)",Farruko,1537,https://open.spotify.com/track/2FrnTVSHjgnEylKGdHRUK1,2018-01-02,hn
53,Sexto Sentido (feat. Bad Bunny),Gigolo Y La Exce,1526,https://open.spotify.com/track/3iDPALl8BoUbuXZgy6EOWY,2018-01-02,hn
54,Unforgettable,French Montana,1511,https://open.spotify.com/track/3B54sVLJ402zGa6Xm4YGNe,2018-01-02,hn
55,Síguelo Bailando,Ozuna,1489,https://open.spotify.com/track/5Y9fnynLlIvqtM710MHzfz,2018-01-02,hn
56,Si Tú La Ves,Nicky Jam,1465,https://open.spotify.com/track/4yN6xPLopmTLvc27pO9LIE,2018-01-02,hn
57,El Color de Tus Ojos,Banda Sinaloense MS de Sergio Lizárraga,1421,https://open.spotify.com/track/1l77YWrGUp3qX3NS1rz7lq,2018-01-02,hn
58,Como Antes,Yandel,1410,https://open.spotify.com/track/5YzA563GXTuwQaRq24z1k5,2018-01-02,hn
59,Imitadora,Romeo Santos,1374,https://open.spotify.com/track/6r46lnXFbE9fr2d3KNaGbe,2018-01-02,hn
60,Despacito (Featuring Daddy Yankee),Luis Fonsi,1366,https://open.spotify.com/track/4aWmUDTfIPGksMNLV2rQP2,2018-01-02,hn
61,La Modelo,Ozuna,1358,https://open.spotify.com/track/2m2ZGfJcs3lHWNPzhWH3XH,2018-01-02,hn
62,Something Just Like This,The Chainsmokers,1351,https://open.spotify.com/track/6RUKPb4LETWmmr3iAEQktW,2018-01-02,hn
63,3 A.M.,Jesse & Joy,1333,https://open.spotify.com/track/0yyZN5ASdrYu0XYWFzfxUu,2018-01-02,hn
64,Dusk Till Dawn - Radio Edit,ZAYN,1331,https://open.spotify.com/track/1j4kHkkpqZRBwE0A4CN4Yv,2018-01-02,hn
65,Hey DJ,CNCO,1318,https://open.spotify.com/track/209gZgcfLq2aUuu51vOWBl,2018-01-02,hn
66,Bebe (feat. Anuel AA),Ozuna,1307,https://open.spotify.com/track/6SIrNxmmdbv1KUbFBu1PaN,2018-01-02,hn
67,Escápate Conmigo - Remix,Wisin,1256,https://open.spotify.com/track/5YY7ht3PCArlLjLbcTiAvh,2018-01-02,hn
68,Thunder,Imagine Dragons,1246,https://open.spotify.com/track/0tKcYR2II1VCQWT79i5NrW,2018-01-02,hn
69,Congratulations,Post Malone,1239,https://open.spotify.com/track/3a1lNhkSLSkpJE4MSHpDu9,2018-01-02,hn
70,Diabla - Official Remix,Farruko,1220,https://open.spotify.com/track/2OxUtaKYeahAGNaBiahXtR,2018-01-02,hn
71,"Tu No Metes Cabra Remix (feat. Daddy Yankee, Anuel AA & Cosculluela)",Bad Bunny,1210,https://open.spotify.com/track/0QQNA8bZqefrGfsShzlZkb,2018-01-02,hn
72,Perfect Duet (Ed Sheeran & Beyoncé),Ed Sheeran,1207,https://open.spotify.com/track/1bhUWB0zJMIKr9yVPrkEuI,2018-01-02,hn
73,Bella,Wolfine,1178,https://open.spotify.com/track/4R55IUi2x7S5ek2SpebOiE,2018-01-02,hn
74,La Formula (feat. Chris Jeday),De La Ghetto,1177,https://open.spotify.com/track/4XCQtUoRSh22Ep18ULmDnT,2018-01-02,hn
75,Sigo Extrañándote,J Balvin,1153,https://open.spotify.com/track/6qDF4wWL49CAVbgT7yuHl8,2018-01-02,hn
76,Me Mata,Bad Bunny,1110,https://open.spotify.com/track/2wgDAPgBhFA7pnIbm0YOhP,2018-01-02,hn
77,Closer,The Chainsmokers,1109,https://open.spotify.com/track/7BKLCZ1jbUBVqRi2FVlTVw,2018-01-02,hn
78,Besame,Valentino,1107,https://open.spotify.com/track/7Ckhk1XW5NV2k4jpqtQNlz,2018-01-02,hn
79,Silence,Marshmello,1103,https://open.spotify.com/track/7vGuf3Y35N4wmASOKLUVVU,2018-01-02,hn
80,Netflixxx,Brytiago,1095,https://open.spotify.com/track/5gFAT2DbEt4TOMXyAMEixG,2018-01-02,hn
81,Loco Enamorado,Abraham Mateo,1090,https://open.spotify.com/track/4N1c5rmWOzRmB9SMacr5wB,2018-01-02,hn
82,Thinking Out Loud,Ed Sheeran,1089,https://open.spotify.com/track/1Slwb6dOYkBlWal1PGtnNg,2018-01-02,hn
83,No Te Hagas,Jory Boy,1085,https://open.spotify.com/track/5hKjEpYrJIJs6uPl7zw6Y6,2018-01-02,hn
84,"Let Me Go (with Alesso, Florida Georgia Line & watt)",Hailee Steinfeld,1082,https://open.spotify.com/track/5AEtlRudpgdT5FtNiuly6Y,2018-01-02,hn
85,One Dance,Drake,1080,https://open.spotify.com/track/1xznGGDReH1oQq0xzbwXa3,2018-01-02,hn
86,Traicionera,Sebastian Yatra,1077,https://open.spotify.com/track/5J1c3M4EldCfNxXwrwt8mT,2018-01-02,hn
87,Feels,Calvin Harris,1057,https://open.spotify.com/track/5bcTCxgc7xVfSaMV3RuVke,2018-01-02,hn
88,Attention,Charlie Puth,1048,https://open.spotify.com/track/4iLqG9SeJSnt0cSPICSjxv,2018-01-02,hn
89,Joh Es Pa Fuera Que Vas,Macario Mejia,1044,https://open.spotify.com/track/4ffAqsKvY0qVJmNcU5rBTj,2018-01-02,hn
90,Soy Peor,Bad Bunny,1020,https://open.spotify.com/track/5MT96Zz0ymUJNm8obKZQr0,2018-01-02,hn
91,That's What I Like,Bruno Mars,1016,https://open.spotify.com/track/0KKkJNfGyhkQ5aFogxQAPU,2018-01-02,hn
92,Si Tu Lo Dejas,Rvssian,1012,https://open.spotify.com/track/2naJy8SKJ27gj6ZhRPDKaz,2018-01-02,hn
93,La Rompe Corazones,Daddy Yankee,1007,https://open.spotify.com/track/4okba5wu9mMLXx79DXLKi3,2018-01-02,hn
94,No Lie,Sean Paul,1006,https://open.spotify.com/track/3cFsmM51N5zMAuu1nNY4Tw,2018-01-02,hn
1,Sensualidad,Bad Bunny,6433,https://open.spotify.com/track/5hcisvFMidkMJlElTO9Qmw,2018-01-03,hn
2,Criminal,Natti Natasha,5334,https://open.spotify.com/track/6Za3190Sbw39BBC77WSS1C,2018-01-03,hn
3,Solo,El Nene La amenaza,5138,https://open.spotify.com/track/2rrJfOphzn4uQCK9X0x6R6,2018-01-03,hn
4,Déjala Que Vuelva (feat. Manuel Turizo),Piso 21,4893,https://open.spotify.com/track/33bnxcjePIkcmNjEFTJX0l,2018-01-03,hn
5,Corazón,Maluma,4621,https://open.spotify.com/track/4lESS6vuruP6a79KWRaQou,2018-01-03,hn
6,Échame La Culpa,Luis Fonsi,4517,https://open.spotify.com/track/1zsG4eaZmkA1dvjDDsAGLK,2018-01-03,hn
7,Downtown,Anitta,4455,https://open.spotify.com/track/3Ga6eKrUFf12ouh9Yw3v2D,2018-01-03,hn
8,Se Preparó,Ozuna,4363,https://open.spotify.com/track/1m69ELEgE6k5ZWsap40ozt,2018-01-03,hn
9,Mayores,Becky G,4082,https://open.spotify.com/track/7JNh1cfm0eXjqFVOzKLyau,2018-01-03,hn
10,Me Rehúso,Danny Ocean,4000,https://open.spotify.com/track/6De0lHrwBfPfrhorm9q1Xl,2018-01-03,hn
11,Vuelve,Daddy Yankee,3999,https://open.spotify.com/track/0lJCqIx5BhZtf6QtYI2fbv,2018-01-03,hn
12,Que Va,Alex Sensation,3883,https://open.spotify.com/track/7ofxPmTNMj2GP07g1VZa0O,2018-01-03,hn
13,Báilame - Remix,Nacho,3582,https://open.spotify.com/track/3VClLWqNn80Llv0PJOsKgr,2018-01-03,hn
14,Robarte un Beso,Carlos Vives,3469,https://open.spotify.com/track/0JcNysfWVWaMS7R6vzGB2k,2018-01-03,hn
15,Chambea,Bad Bunny,3330,https://open.spotify.com/track/6ElmxV9B2mSNscEjP27M7i,2018-01-03,hn
16,Bella y Sensual,Romeo Santos,3180,https://open.spotify.com/track/0ERbK7qVqveCaBWIiYCrl3,2018-01-03,hn
17,rockstar,Post Malone,3140,https://open.spotify.com/track/7wGoVu4Dady5GV0Sv4UIsx,2018-01-03,hn
18,SUTRA,Sebastian Yatra,3009,https://open.spotify.com/track/5TmZYdHW6HJ9gt7Aokuql5,2018-01-03,hn
19,New Rules,Dua Lipa,2924,https://open.spotify.com/track/2ekn2ttSfGqwhhate0LSR0,2018-01-03,hn
20,Escápate Conmigo,Wisin,2922,https://open.spotify.com/track/1KSqYYJFyfTecXFk9M0prc,2018-01-03,hn
21,Suena El Dembow,Joey Montana,2830,https://open.spotify.com/track/5TysCiZtv1HnSWcTcUFusI,2018-01-03,hn
22,Quiero Repetir,Ozuna,2819,https://open.spotify.com/track/0MIcPSq9n2z5H8TAfEstri,2018-01-03,hn
23,Perfect,Ed Sheeran,2778,https://open.spotify.com/track/0tgVpDi06FyKpA1z0VMD4v,2018-01-03,hn
24,Perro Fiel,Shakira,2774,https://open.spotify.com/track/70lnL3QaSOIIyMa2X9aVRL,2018-01-03,hn
25,Havana,Camila Cabello,2705,https://open.spotify.com/track/0ofbQMrRDsUaVKq2mGLEAb,2018-01-03,hn
26,Una Lady Como Tú,Manuel Turizo,2676,https://open.spotify.com/track/7MHN1aCFtLXjownGhvEQlF,2018-01-03,hn
27,Mi Gente,J Balvin,2664,https://open.spotify.com/track/2rb5MvYT7ZIxbKW5hfcHx8,2018-01-03,hn
28,Ahora Dice,Chris Jeday,2614,https://open.spotify.com/track/22eADXu8DfOAUEDw4vU8qy,2018-01-03,hn
29,Explícale,Yandel,2571,https://open.spotify.com/track/1LszjjoVwDDZcWUQbzeDLG,2018-01-03,hn
30,Adiós Amor,Christian Nodal,2541,https://open.spotify.com/track/63bmZnBN1CiJ9sA4qTEe8y,2018-01-03,hn
31,Shape of You,Ed Sheeran,2523,https://open.spotify.com/track/7qiZfU4dY1lWllzX7mPBI3,2018-01-03,hn
32,Bonita,J Balvin,2518,https://open.spotify.com/track/693iqPOQvhI7PobtR8CC8v,2018-01-03,hn
33,Havana - Remix,Camila Cabello,2475,https://open.spotify.com/track/3whrwq4DtvucphBPUogRuJ,2018-01-03,hn
34,El Farsante,Ozuna,2432,https://open.spotify.com/track/5EId1m4DNwTf3at31w8bPJ,2018-01-03,hn
35,What Lovers Do (feat. SZA),Maroon 5,2406,https://open.spotify.com/track/3hBBKuWJfxlIlnd9QFoC8k,2018-01-03,hn
36,"Sola (Remix) [feat. Daddy Yankee, Wisin, Farruko, Zion & Lennox]",Anuel Aa,2395,https://open.spotify.com/track/5q2JbCNi4FcnglgPfxcV65,2018-01-03,hn
37,Felices los 4,Maluma,2353,https://open.spotify.com/track/0qYTZCo5Bwh1nsUFGZP3zn,2018-01-03,hn
38,Dembow,Danny Ocean,2313,https://open.spotify.com/track/2EzRdhuoPyNJDlep7lnNf2,2018-01-03,hn
39,Bum Bum Tam Tam,MC Fioti,2225,https://open.spotify.com/track/4zWO4gvuFtw6EJZC5FFGlr,2018-01-03,hn
40,Wolves,Selena Gomez,2204,https://open.spotify.com/track/7EmGUiUaOSGDnUUQUDrOXC,2018-01-03,hn
41,Gucci Gang,Lil Pump,2167,https://open.spotify.com/track/43ZyHQITOjhciSUUNPVRHc,2018-01-03,hn
42,Cásate Conmigo,Silvestre Dangond,1958,https://open.spotify.com/track/6f4UPdDBQONKJBRqwZGjaJ,2018-01-03,hn
43,Solo - Remix,Lary Over,1953,https://open.spotify.com/track/3l7mBXrUfRwa4VO8nHLAgJ,2018-01-03,hn
44,Too Good At Goodbyes,Sam Smith,1925,https://open.spotify.com/track/1mXVgsBdtIVeCLJnSnmtdV,2018-01-03,hn
45,Tú Foto,Ozuna,1895,https://open.spotify.com/track/5zSOVwaY3sVjnmLhuEfsuf,2018-01-03,hn
46,GPS,Maluma,1861,https://open.spotify.com/track/3t6j6WNv2OSn6qm5Vxynub,2018-01-03,hn
47,Me Emborrachare - Bachata Radio Edit,Grupo Extra,1755,https://open.spotify.com/track/3iGjLTDqokSuf6yYI83wzi,2018-01-03,hn
48,Krippy Kush,Farruko,1677,https://open.spotify.com/track/7FfpP3YZ6fOWMdxkIAtud9,2018-01-03,hn
49,Ahora Se,Lary Over,1606,https://open.spotify.com/track/3hfpB94cfVvdLAnm8TUBAv,2018-01-03,hn
50,La Modelo,Ozuna,1601,https://open.spotify.com/track/2m2ZGfJcs3lHWNPzhWH3XH,2018-01-03,hn
51,Sexto Sentido (feat. Bad Bunny),Gigolo Y La Exce,1570,https://open.spotify.com/track/3iDPALl8BoUbuXZgy6EOWY,2018-01-03,hn
52,Ahora Me Llama,Karol G,1561,https://open.spotify.com/track/11ZRYISCsAsLyyJo47DudZ,2018-01-03,hn
53,Otra Vez (feat. J Balvin),Zion & Lennox,1557,https://open.spotify.com/track/3QwBODjSEzelZyVjxPOHdq,2018-01-03,hn
54,Unforgettable,French Montana,1549,https://open.spotify.com/track/3B54sVLJ402zGa6Xm4YGNe,2018-01-03,hn
55,Síguelo Bailando,Ozuna,1521,https://open.spotify.com/track/5Y9fnynLlIvqtM710MHzfz,2018-01-03,hn
56,El Color de Tus Ojos,Banda Sinaloense MS de Sergio Lizárraga,1508,https://open.spotify.com/track/1l77YWrGUp3qX3NS1rz7lq,2018-01-03,hn
57,Imitadora,Romeo Santos,1503,https://open.spotify.com/track/6r46lnXFbE9fr2d3KNaGbe,2018-01-03,hn
58,"Diles (feat. Arcangel, Nengo Flow, Dj Luian & Mambo Kings)",Farruko,1497,https://open.spotify.com/track/2FrnTVSHjgnEylKGdHRUK1,2018-01-03,hn
59,3 A.M.,Jesse & Joy,1478,https://open.spotify.com/track/0yyZN5ASdrYu0XYWFzfxUu,2018-01-03,hn
60,Como Antes,Yandel,1461,https://open.spotify.com/track/5YzA563GXTuwQaRq24z1k5,2018-01-03,hn
61,Bella,Wolfine,1434,https://open.spotify.com/track/4R55IUi2x7S5ek2SpebOiE,2018-01-03,hn
62,Si Tú La Ves,Nicky Jam,1423,https://open.spotify.com/track/4yN6xPLopmTLvc27pO9LIE,2018-01-03,hn
63,Bebe (feat. Anuel AA),Ozuna,1420,https://open.spotify.com/track/6SIrNxmmdbv1KUbFBu1PaN,2018-01-03,hn
64,Hey DJ,CNCO,1413,https://open.spotify.com/track/209gZgcfLq2aUuu51vOWBl,2018-01-03,hn
65,Perfect Duet (Ed Sheeran & Beyoncé),Ed Sheeran,1401,https://open.spotify.com/track/1bhUWB0zJMIKr9yVPrkEuI,2018-01-03,hn
66,Despacito (Featuring Daddy Yankee),Luis Fonsi,1378,https://open.spotify.com/track/4aWmUDTfIPGksMNLV2rQP2,2018-01-03,hn
67,Dusk Till Dawn - Radio Edit,ZAYN,1369,https://open.spotify.com/track/1j4kHkkpqZRBwE0A4CN4Yv,2018-01-03,hn
68,Something Just Like This,The Chainsmokers,1365,https://open.spotify.com/track/6RUKPb4LETWmmr3iAEQktW,2018-01-03,hn
69,Thunder,Imagine Dragons,1280,https://open.spotify.com/track/0tKcYR2II1VCQWT79i5NrW,2018-01-03,hn
70,"Tu No Metes Cabra Remix (feat. Daddy Yankee, Anuel AA & Cosculluela)",Bad Bunny,1251,https://open.spotify.com/track/0QQNA8bZqefrGfsShzlZkb,2018-01-03,hn
71,Escápate Conmigo - Remix,Wisin,1248,https://open.spotify.com/track/5YY7ht3PCArlLjLbcTiAvh,2018-01-03,hn
72,Congratulations,Post Malone,1239,https://open.spotify.com/track/3a1lNhkSLSkpJE4MSHpDu9,2018-01-03,hn
73,Thinking Out Loud,Ed Sheeran,1199,https://open.spotify.com/track/1Slwb6dOYkBlWal1PGtnNg,2018-01-03,hn
74,Diabla - Official Remix,Farruko,1177,https://open.spotify.com/track/2OxUtaKYeahAGNaBiahXtR,2018-01-03,hn
75,La Formula (feat. Chris Jeday),De La Ghetto,1167,https://open.spotify.com/track/4XCQtUoRSh22Ep18ULmDnT,2018-01-03,hn
76,Sigo Extrañándote,J Balvin,1141,https://open.spotify.com/track/6qDF4wWL49CAVbgT7yuHl8,2018-01-03,hn
77,Attention,Charlie Puth,1141,https://open.spotify.com/track/4iLqG9SeJSnt0cSPICSjxv,2018-01-03,hn
78,Loco Enamorado,Abraham Mateo,1131,https://open.spotify.com/track/4N1c5rmWOzRmB9SMacr5wB,2018-01-03,hn
79,Silence,Marshmello,1116,https://open.spotify.com/track/7vGuf3Y35N4wmASOKLUVVU,2018-01-03,hn
80,Besame,Valentino,1109,https://open.spotify.com/track/7Ckhk1XW5NV2k4jpqtQNlz,2018-01-03,hn
81,Closer,The Chainsmokers,1106,https://open.spotify.com/track/7BKLCZ1jbUBVqRi2FVlTVw,2018-01-03,hn
82,One Dance,Drake,1101,https://open.spotify.com/track/1xznGGDReH1oQq0xzbwXa3,2018-01-03,hn
83,No Te Hagas,Jory Boy,1096,https://open.spotify.com/track/5hKjEpYrJIJs6uPl7zw6Y6,2018-01-03,hn
84,Me Vas a Extrañar,Banda Sinaloense MS de Sergio Lizárraga,1094,https://open.spotify.com/track/2yS8aYWXEWJ1NlZ7VPDroT,2018-01-03,hn
85,Soy Peor,Bad Bunny,1090,https://open.spotify.com/track/5MT96Zz0ymUJNm8obKZQr0,2018-01-03,hn
86,Me Mata,Bad Bunny,1085,https://open.spotify.com/track/2wgDAPgBhFA7pnIbm0YOhP,2018-01-03,hn
87,"Let Me Go (with Alesso, Florida Georgia Line & watt)",Hailee Steinfeld,1083,https://open.spotify.com/track/5AEtlRudpgdT5FtNiuly6Y,2018-01-03,hn
88,Déjate Llevar,Juan Magán,1081,https://open.spotify.com/track/3xWEI23MLJrD0dpDcDUTW6,2018-01-03,hn
89,Feels,Calvin Harris,1072,https://open.spotify.com/track/5bcTCxgc7xVfSaMV3RuVke,2018-01-03,hn
90,Joh Es Pa Fuera Que Vas,Macario Mejia,1070,https://open.spotify.com/track/4ffAqsKvY0qVJmNcU5rBTj,2018-01-03,hn
91,Believer,Imagine Dragons,1047,https://open.spotify.com/track/0CcQNd8CINkwQfe1RDtGV6,2018-01-03,hn
92,La Rompe Corazones,Daddy Yankee,1017,https://open.spotify.com/track/4okba5wu9mMLXx79DXLKi3,2018-01-03,hn
93,River (feat. Ed Sheeran),Eminem,1011,https://open.spotify.com/track/5UEnHoDYpsxlfzWLZIc7LD,2018-01-03,hn
94,Bonita - Remix,J Balvin,1008,https://open.spotify.com/track/400nZFg9JEXd9DTBJf1PE3,2018-01-03,hn
95,Esperándote,Manuel Turizo,1002,https://open.spotify.com/track/1nfyE13arjOuO54HH0zmqj,2018-01-03,hn
1,Sensualidad,Bad Bunny,6569,https://open.spotify.com/track/5hcisvFMidkMJlElTO9Qmw,2018-01-04,hn
2,Criminal,Natti Natasha,5332,https://open.spotify.com/track/6Za3190Sbw39BBC77WSS1C,2018-01-04,hn
3,Solo,El Nene La amenaza,5085,https://open.spotify.com/track/2rrJfOphzn4uQCK9X0x6R6,2018-01-04,hn
4,Déjala Que Vuelva (feat. Manuel Turizo),Piso 21,4965,https://open.spotify.com/track/33bnxcjePIkcmNjEFTJX0l,2018-01-04,hn
5,Corazón,Maluma,4721,https://open.spotify.com/track/4lESS6vuruP6a79KWRaQou,2018-01-04,hn
6,Échame La Culpa,Luis Fonsi,4640,https://open.spotify.com/track/1zsG4eaZmkA1dvjDDsAGLK,2018-01-04,hn
7,Downtown,Anitta,4422,https://open.spotify.com/track/3Ga6eKrUFf12ouh9Yw3v2D,2018-01-04,hn
8,Se Preparó,Ozuna,4381,https://open.spotify.com/track/1m69ELEgE6k5ZWsap40ozt,2018-01-04,hn
9,Que Va,Alex Sensation,4105,https://open.spotify.com/track/7ofxPmTNMj2GP07g1VZa0O,2018-01-04,hn
10,Vuelve,Daddy Yankee,4077,https://open.spotify.com/track/0lJCqIx5BhZtf6QtYI2fbv,2018-01-04,hn
11,Me Rehúso,Danny Ocean,4000,https://open.spotify.com/track/6De0lHrwBfPfrhorm9q1Xl,2018-01-04,hn
12,Mayores,Becky G,3960,https://open.spotify.com/track/7JNh1cfm0eXjqFVOzKLyau,2018-01-04,hn
13,Báilame - Remix,Nacho,3540,https://open.spotify.com/track/3VClLWqNn80Llv0PJOsKgr,2018-01-04,hn
14,Robarte un Beso,Carlos Vives,3482,https://open.spotify.com/track/0JcNysfWVWaMS7R6vzGB2k,2018-01-04,hn
15,Chambea,Bad Bunny,3407,https://open.spotify.com/track/6ElmxV9B2mSNscEjP27M7i,2018-01-04,hn
16,Bella y Sensual,Romeo Santos,3160,https://open.spotify.com/track/0ERbK7qVqveCaBWIiYCrl3,2018-01-04,hn
17,rockstar,Post Malone,3127,https://open.spotify.com/track/7wGoVu4Dady5GV0Sv4UIsx,2018-01-04,hn
18,Quiero Repetir,Ozuna,2939,https://open.spotify.com/track/0MIcPSq9n2z5H8TAfEstri,2018-01-04,hn
19,New Rules,Dua Lipa,2895,https://open.spotify.com/track/2ekn2ttSfGqwhhate0LSR0,2018-01-04,hn
20,SUTRA,Sebastian Yatra,2890,https://open.spotify.com/track/5TmZYdHW6HJ9gt7Aokuql5,2018-01-04,hn
21,Escápate Conmigo,Wisin,2870,https://open.spotify.com/track/1KSqYYJFyfTecXFk9M0prc,2018-01-04,hn
22,Suena El Dembow,Joey Montana,2820,https://open.spotify.com/track/5TysCiZtv1HnSWcTcUFusI,2018-01-04,hn
23,Perro Fiel,Shakira,2737,https://open.spotify.com/track/70lnL3QaSOIIyMa2X9aVRL,2018-01-04,hn
24,Perfect,Ed Sheeran,2696,https://open.spotify.com/track/0tgVpDi06FyKpA1z0VMD4v,2018-01-04,hn
25,Havana,Camila Cabello,2683,https://open.spotify.com/track/0ofbQMrRDsUaVKq2mGLEAb,2018-01-04,hn
26,Mi Gente,J Balvin,2593,https://open.spotify.com/track/2rb5MvYT7ZIxbKW5hfcHx8,2018-01-04,hn
27,Ahora Dice,Chris Jeday,2579,https://open.spotify.com/track/22eADXu8DfOAUEDw4vU8qy,2018-01-04,hn
28,El Farsante,Ozuna,2550,https://open.spotify.com/track/5EId1m4DNwTf3at31w8bPJ,2018-01-04,hn
29,Una Lady Como Tú,Manuel Turizo,2538,https://open.spotify.com/track/7MHN1aCFtLXjownGhvEQlF,2018-01-04,hn
30,Explícale,Yandel,2477,https://open.spotify.com/track/1LszjjoVwDDZcWUQbzeDLG,2018-01-04,hn
31,Shape of You,Ed Sheeran,2471,https://open.spotify.com/track/7qiZfU4dY1lWllzX7mPBI3,2018-01-04,hn
32,Bonita,J Balvin,2462,https://open.spotify.com/track/693iqPOQvhI7PobtR8CC8v,2018-01-04,hn
33,Havana - Remix,Camila Cabello,2396,https://open.spotify.com/track/3whrwq4DtvucphBPUogRuJ,2018-01-04,hn
34,Adiós Amor,Christian Nodal,2395,https://open.spotify.com/track/63bmZnBN1CiJ9sA4qTEe8y,2018-01-04,hn
35,What Lovers Do (feat. SZA),Maroon 5,2366,https://open.spotify.com/track/3hBBKuWJfxlIlnd9QFoC8k,2018-01-04,hn
36,Bum Bum Tam Tam,MC Fioti,2311,https://open.spotify.com/track/4zWO4gvuFtw6EJZC5FFGlr,2018-01-04,hn
37,Dembow,Danny Ocean,2310,https://open.spotify.com/track/2EzRdhuoPyNJDlep7lnNf2,2018-01-04,hn
38,Felices los 4,Maluma,2301,https://open.spotify.com/track/0qYTZCo5Bwh1nsUFGZP3zn,2018-01-04,hn
39,"Sola (Remix) [feat. Daddy Yankee, Wisin, Farruko, Zion & Lennox]",Anuel Aa,2254,https://open.spotify.com/track/5q2JbCNi4FcnglgPfxcV65,2018-01-04,hn
40,Wolves,Selena Gomez,2234,https://open.spotify.com/track/7EmGUiUaOSGDnUUQUDrOXC,2018-01-04,hn
41,Too Good At Goodbyes,Sam Smith,2211,https://open.spotify.com/track/1mXVgsBdtIVeCLJnSnmtdV,2018-01-04,hn
42,Gucci Gang,Lil Pump,2179,https://open.spotify.com/track/43ZyHQITOjhciSUUNPVRHc,2018-01-04,hn
43,Solo - Remix,Lary Over,1975,https://open.spotify.com/track/3l7mBXrUfRwa4VO8nHLAgJ,2018-01-04,hn
44,Cásate Conmigo,Silvestre Dangond,1938,https://open.spotify.com/track/6f4UPdDBQONKJBRqwZGjaJ,2018-01-04,hn
45,La Modelo,Ozuna,1885,https://open.spotify.com/track/2m2ZGfJcs3lHWNPzhWH3XH,2018-01-04,hn
46,Tú Foto,Ozuna,1852,https://open.spotify.com/track/5zSOVwaY3sVjnmLhuEfsuf,2018-01-04,hn
47,GPS,Maluma,1827,https://open.spotify.com/track/3t6j6WNv2OSn6qm5Vxynub,2018-01-04,hn
48,Ahora Se,Lary Over,1706,https://open.spotify.com/track/3hfpB94cfVvdLAnm8TUBAv,2018-01-04,hn
49,Síguelo Bailando,Ozuna,1649,https://open.spotify.com/track/5Y9fnynLlIvqtM710MHzfz,2018-01-04,hn
50,Krippy Kush,Farruko,1646,https://open.spotify.com/track/7FfpP3YZ6fOWMdxkIAtud9,2018-01-04,hn
51,Ahora Me Llama,Karol G,1617,https://open.spotify.com/track/11ZRYISCsAsLyyJo47DudZ,2018-01-04,hn
52,Me Emborrachare - Bachata Radio Edit,Grupo Extra,1601,https://open.spotify.com/track/3iGjLTDqokSuf6yYI83wzi,2018-01-04,hn
53,El Color de Tus Ojos,Banda Sinaloense MS de Sergio Lizárraga,1561,https://open.spotify.com/track/1l77YWrGUp3qX3NS1rz7lq,2018-01-04,hn
54,Sexto Sentido (feat. Bad Bunny),Gigolo Y La Exce,1553,https://open.spotify.com/track/3iDPALl8BoUbuXZgy6EOWY,2018-01-04,hn
55,Unforgettable,French Montana,1532,https://open.spotify.com/track/3B54sVLJ402zGa6Xm4YGNe,2018-01-04,hn
56,"Diles (feat. Arcangel, Nengo Flow, Dj Luian & Mambo Kings)",Farruko,1513,https://open.spotify.com/track/2FrnTVSHjgnEylKGdHRUK1,2018-01-04,hn
57,Como Antes,Yandel,1506,https://open.spotify.com/track/5YzA563GXTuwQaRq24z1k5,2018-01-04,hn
58,Hey DJ,CNCO,1486,https://open.spotify.com/track/209gZgcfLq2aUuu51vOWBl,2018-01-04,hn
59,Otra Vez (feat. J Balvin),Zion & Lennox,1479,https://open.spotify.com/track/3QwBODjSEzelZyVjxPOHdq,2018-01-04,hn
60,Si Tú La Ves,Nicky Jam,1467,https://open.spotify.com/track/4yN6xPLopmTLvc27pO9LIE,2018-01-04,hn
61,Bella,Wolfine,1444,https://open.spotify.com/track/4R55IUi2x7S5ek2SpebOiE,2018-01-04,hn
62,Dusk Till Dawn - Radio Edit,ZAYN,1433,https://open.spotify.com/track/1j4kHkkpqZRBwE0A4CN4Yv,2018-01-04,hn
63,Imitadora,Romeo Santos,1427,https://open.spotify.com/track/6r46lnXFbE9fr2d3KNaGbe,2018-01-04,hn
64,3 A.M.,Jesse & Joy,1414,https://open.spotify.com/track/0yyZN5ASdrYu0XYWFzfxUu,2018-01-04,hn
65,Something Just Like This,The Chainsmokers,1379,https://open.spotify.com/track/6RUKPb4LETWmmr3iAEQktW,2018-01-04,hn
66,Perfect Duet (Ed Sheeran & Beyoncé),Ed Sheeran,1371,https://open.spotify.com/track/1bhUWB0zJMIKr9yVPrkEuI,2018-01-04,hn
67,Bebe (feat. Anuel AA),Ozuna,1339,https://open.spotify.com/track/6SIrNxmmdbv1KUbFBu1PaN,2018-01-04,hn
68,Thunder,Imagine Dragons,1316,https://open.spotify.com/track/0tKcYR2II1VCQWT79i5NrW,2018-01-04,hn
69,La Formula (feat. Chris Jeday),De La Ghetto,1250,https://open.spotify.com/track/4XCQtUoRSh22Ep18ULmDnT,2018-01-04,hn
70,Despacito (Featuring Daddy Yankee),Luis Fonsi,1229,https://open.spotify.com/track/4aWmUDTfIPGksMNLV2rQP2,2018-01-04,hn
71,Escápate Conmigo - Remix,Wisin,1224,https://open.spotify.com/track/5YY7ht3PCArlLjLbcTiAvh,2018-01-04,hn
72,"Tu No Metes Cabra Remix (feat. Daddy Yankee, Anuel AA & Cosculluela)",Bad Bunny,1196,https://open.spotify.com/track/0QQNA8bZqefrGfsShzlZkb,2018-01-04,hn
73,Diabla - Official Remix,Farruko,1191,https://open.spotify.com/track/2OxUtaKYeahAGNaBiahXtR,2018-01-04,hn
74,"Let Me Go (with Alesso, Florida Georgia Line & watt)",Hailee Steinfeld,1174,https://open.spotify.com/track/5AEtlRudpgdT5FtNiuly6Y,2018-01-04,hn
75,Congratulations,Post Malone,1163,https://open.spotify.com/track/3a1lNhkSLSkpJE4MSHpDu9,2018-01-04,hn
76,Esperándote,Manuel Turizo,1154,https://open.spotify.com/track/1nfyE13arjOuO54HH0zmqj,2018-01-04,hn
77,Thinking Out Loud,Ed Sheeran,1142,https://open.spotify.com/track/1Slwb6dOYkBlWal1PGtnNg,2018-01-04,hn
78,Besame,Valentino,1133,https://open.spotify.com/track/7Ckhk1XW5NV2k4jpqtQNlz,2018-01-04,hn
79,Loco Enamorado,Abraham Mateo,1127,https://open.spotify.com/track/4N1c5rmWOzRmB9SMacr5wB,2018-01-04,hn
80,Mamita,CNCO,1125,https://open.spotify.com/track/5ojXuKXBYq0apcNucYSDXq,2018-01-04,hn
81,Him & I (with Halsey),G-Eazy,1124,https://open.spotify.com/track/5k38wzpLb15YgncyWdTZE4,2018-01-04,hn
82,Sigo Extrañándote,J Balvin,1112,https://open.spotify.com/track/6qDF4wWL49CAVbgT7yuHl8,2018-01-04,hn
83,Bonita - Remix,J Balvin,1112,https://open.spotify.com/track/400nZFg9JEXd9DTBJf1PE3,2018-01-04,hn
84,Mi Mala,Mau y Ricky,1095,https://open.spotify.com/track/4XP6qLtHI0n9UjIPTsuqe8,2018-01-04,hn
85,Soy Peor,Bad Bunny,1090,https://open.spotify.com/track/5MT96Zz0ymUJNm8obKZQr0,2018-01-04,hn
86,Attention,Charlie Puth,1075,https://open.spotify.com/track/4iLqG9SeJSnt0cSPICSjxv,2018-01-04,hn
87,Closer,The Chainsmokers,1073,https://open.spotify.com/track/7BKLCZ1jbUBVqRi2FVlTVw,2018-01-04,hn
88,Silence,Marshmello,1068,https://open.spotify.com/track/7vGuf3Y35N4wmASOKLUVVU,2018-01-04,hn
89,Believer,Imagine Dragons,1057,https://open.spotify.com/track/0CcQNd8CINkwQfe1RDtGV6,2018-01-04,hn
90,Me Mata,Bad Bunny,1053,https://open.spotify.com/track/2wgDAPgBhFA7pnIbm0YOhP,2018-01-04,hn
91,La Rompe Corazones,Daddy Yankee,1045,https://open.spotify.com/track/4okba5wu9mMLXx79DXLKi3,2018-01-04,hn
92,Netflixxx,Brytiago,1044,https://open.spotify.com/track/5gFAT2DbEt4TOMXyAMEixG,2018-01-04,hn
93,Déjate Llevar,Juan Magán,1040,https://open.spotify.com/track/3xWEI23MLJrD0dpDcDUTW6,2018-01-04,hn
94,No Te Hagas,Jory Boy,1031,https://open.spotify.com/track/5hKjEpYrJIJs6uPl7zw6Y6,2018-01-04,hn
95,No Lie,Sean Paul,1028,https://open.spotify.com/track/3cFsmM51N5zMAuu1nNY4Tw,2018-01-04,hn
96,Let Me Love You,DJ Snake,1021,https://open.spotify.com/track/4pdPtRcBmOSQDlJ3Fk945m,2018-01-04,hn
97,Feels,Calvin Harris,1004,https://open.spotify.com/track/5bcTCxgc7xVfSaMV3RuVke,2018-01-04,hn
1,Sensualidad,Bad Bunny,6859,https://open.spotify.com/track/5hcisvFMidkMJlElTO9Qmw,2018-01-05,hn
2,Criminal,Natti Natasha,5616,https://open.spotify.com/track/6Za3190Sbw39BBC77WSS1C,2018-01-05,hn
3,Déjala Que Vuelva (feat. Manuel Turizo),Piso 21,5486,https://open.spotify.com/track/33bnxcjePIkcmNjEFTJX0l,2018-01-05,hn
4,Solo,El Nene La amenaza,5394,https://open.spotify.com/track/2rrJfOphzn4uQCK9X0x6R6,2018-01-05,hn
5,Corazón,Maluma,5082,https://open.spotify.com/track/4lESS6vuruP6a79KWRaQou,2018-01-05,hn
6,Échame La Culpa,Luis Fonsi,5067,https://open.spotify.com/track/1zsG4eaZmkA1dvjDDsAGLK,2018-01-05,hn
7,Downtown,Anitta,4905,https://open.spotify.com/track/3Ga6eKrUFf12ouh9Yw3v2D,2018-01-05,hn
8,Se Preparó,Ozuna,4564,https://open.spotify.com/track/1m69ELEgE6k5ZWsap40ozt,2018-01-05,hn
9,Vuelve,Daddy Yankee,4306,https://open.spotify.com/track/0lJCqIx5BhZtf6QtYI2fbv,2018-01-05,hn
10,Mayores,Becky G,4304,https://open.spotify.com/track/7JNh1cfm0eXjqFVOzKLyau,2018-01-05,hn
11,Me Rehúso,Danny Ocean,4219,https://open.spotify.com/track/6De0lHrwBfPfrhorm9q1Xl,2018-01-05,hn
12,Que Va,Alex Sensation,4194,https://open.spotify.com/track/7ofxPmTNMj2GP07g1VZa0O,2018-01-05,hn
13,Báilame - Remix,Nacho,3755,https://open.spotify.com/track/3VClLWqNn80Llv0PJOsKgr,2018-01-05,hn
14,Robarte un Beso,Carlos Vives,3693,https://open.spotify.com/track/0JcNysfWVWaMS7R6vzGB2k,2018-01-05,hn
15,Chambea,Bad Bunny,3660,https://open.spotify.com/track/6ElmxV9B2mSNscEjP27M7i,2018-01-05,hn
16,Bella y Sensual,Romeo Santos,3336,https://open.spotify.com/track/0ERbK7qVqveCaBWIiYCrl3,2018-01-05,hn
17,rockstar,Post Malone,3323,https://open.spotify.com/track/7wGoVu4Dady5GV0Sv4UIsx,2018-01-05,hn
18,SUTRA,Sebastian Yatra,3258,https://open.spotify.com/track/5TmZYdHW6HJ9gt7Aokuql5,2018-01-05,hn
19,Quiero Repetir,Ozuna,3244,https://open.spotify.com/track/0MIcPSq9n2z5H8TAfEstri,2018-01-05,hn
20,New Rules,Dua Lipa,3075,https://open.spotify.com/track/2ekn2ttSfGqwhhate0LSR0,2018-01-05,hn
21,Perro Fiel,Shakira,2992,https://open.spotify.com/track/70lnL3QaSOIIyMa2X9aVRL,2018-01-05,hn
22,Escápate Conmigo,Wisin,2982,https://open.spotify.com/track/1KSqYYJFyfTecXFk9M0prc,2018-01-05,hn
23,Suena El Dembow,Joey Montana,2960,https://open.spotify.com/track/5TysCiZtv1HnSWcTcUFusI,2018-01-05,hn
24,Perfect,Ed Sheeran,2901,https://open.spotify.com/track/0tgVpDi06FyKpA1z0VMD4v,2018-01-05,hn
25,Havana,Camila Cabello,2866,https://open.spotify.com/track/0ofbQMrRDsUaVKq2mGLEAb,2018-01-05,hn
26,Ahora Dice,Chris Jeday,2764,https://open.spotify.com/track/22eADXu8DfOAUEDw4vU8qy,2018-01-05,hn
27,Mi Gente,J Balvin,2743,https://open.spotify.com/track/2rb5MvYT7ZIxbKW5hfcHx8,2018-01-05,hn
28,Explícale,Yandel,2697,https://open.spotify.com/track/1LszjjoVwDDZcWUQbzeDLG,2018-01-05,hn
29,Una Lady Como Tú,Manuel Turizo,2652,https://open.spotify.com/track/7MHN1aCFtLXjownGhvEQlF,2018-01-05,hn
30,El Farsante,Ozuna,2624,https://open.spotify.com/track/5EId1m4DNwTf3at31w8bPJ,2018-01-05,hn
31,Shape of You,Ed Sheeran,2623,https://open.spotify.com/track/7qiZfU4dY1lWllzX7mPBI3,2018-01-05,hn
32,What Lovers Do (feat. SZA),Maroon 5,2583,https://open.spotify.com/track/3hBBKuWJfxlIlnd9QFoC8k,2018-01-05,hn
33,Bonita,J Balvin,2571,https://open.spotify.com/track/693iqPOQvhI7PobtR8CC8v,2018-01-05,hn
34,Adiós Amor,Christian Nodal,2538,https://open.spotify.com/track/63bmZnBN1CiJ9sA4qTEe8y,2018-01-05,hn
35,Dembow,Danny Ocean,2508,https://open.spotify.com/track/2EzRdhuoPyNJDlep7lnNf2,2018-01-05,hn
36,"Sola (Remix) [feat. Daddy Yankee, Wisin, Farruko, Zion & Lennox]",Anuel Aa,2505,https://open.spotify.com/track/5q2JbCNi4FcnglgPfxcV65,2018-01-05,hn
37,Felices los 4,Maluma,2491,https://open.spotify.com/track/0qYTZCo5Bwh1nsUFGZP3zn,2018-01-05,hn
38,Havana - Remix,Camila Cabello,2484,https://open.spotify.com/track/3whrwq4DtvucphBPUogRuJ,2018-01-05,hn
39,Bum Bum Tam Tam,MC Fioti,2440,https://open.spotify.com/track/4zWO4gvuFtw6EJZC5FFGlr,2018-01-05,hn
40,Wolves,Selena Gomez,2411,https://open.spotify.com/track/7EmGUiUaOSGDnUUQUDrOXC,2018-01-05,hn
41,La Modelo,Ozuna,2304,https://open.spotify.com/track/2m2ZGfJcs3lHWNPzhWH3XH,2018-01-05,hn
42,Gucci Gang,Lil Pump,2286,https://open.spotify.com/track/43ZyHQITOjhciSUUNPVRHc,2018-01-05,hn
43,Solo - Remix,Lary Over,2189,https://open.spotify.com/track/3l7mBXrUfRwa4VO8nHLAgJ,2018-01-05,hn
44,Too Good At Goodbyes,Sam Smith,2146,https://open.spotify.com/track/1mXVgsBdtIVeCLJnSnmtdV,2018-01-05,hn
45,Cásate Conmigo,Silvestre Dangond,2017,https://open.spotify.com/track/6f4UPdDBQONKJBRqwZGjaJ,2018-01-05,hn
46,GPS,Maluma,2015,https://open.spotify.com/track/3t6j6WNv2OSn6qm5Vxynub,2018-01-05,hn
47,Síguelo Bailando,Ozuna,1912,https://open.spotify.com/track/5Y9fnynLlIvqtM710MHzfz,2018-01-05,hn
48,Tú Foto,Ozuna,1827,https://open.spotify.com/track/5zSOVwaY3sVjnmLhuEfsuf,2018-01-05,hn
49,Ahora Se,Lary Over,1781,https://open.spotify.com/track/3hfpB94cfVvdLAnm8TUBAv,2018-01-05,hn
50,Krippy Kush,Farruko,1769,https://open.spotify.com/track/7FfpP3YZ6fOWMdxkIAtud9,2018-01-05,hn
51,El Color de Tus Ojos,Banda Sinaloense MS de Sergio Lizárraga,1698,https://open.spotify.com/track/1l77YWrGUp3qX3NS1rz7lq,2018-01-05,hn
52,Me Emborrachare - Bachata Radio Edit,Grupo Extra,1658,https://open.spotify.com/track/3iGjLTDqokSuf6yYI83wzi,2018-01-05,hn
53,Sexto Sentido (feat. Bad Bunny),Gigolo Y La Exce,1594,https://open.spotify.com/track/3iDPALl8BoUbuXZgy6EOWY,2018-01-05,hn
54,Como Antes,Yandel,1586,https://open.spotify.com/track/5YzA563GXTuwQaRq24z1k5,2018-01-05,hn
55,"Diles (feat. Arcangel, Nengo Flow, Dj Luian & Mambo Kings)",Farruko,1586,https://open.spotify.com/track/2FrnTVSHjgnEylKGdHRUK1,2018-01-05,hn
56,Si Tú La Ves,Nicky Jam,1579,https://open.spotify.com/track/4yN6xPLopmTLvc27pO9LIE,2018-01-05,hn
57,3 A.M.,Jesse & Joy,1537,https://open.spotify.com/track/0yyZN5ASdrYu0XYWFzfxUu,2018-01-05,hn
58,Dusk Till Dawn - Radio Edit,ZAYN,1534,https://open.spotify.com/track/1j4kHkkpqZRBwE0A4CN4Yv,2018-01-05,hn
59,Unforgettable,French Montana,1532,https://open.spotify.com/track/3B54sVLJ402zGa6Xm4YGNe,2018-01-05,hn
60,Ahora Me Llama,Karol G,1517,https://open.spotify.com/track/11ZRYISCsAsLyyJo47DudZ,2018-01-05,hn
61,Hey DJ,CNCO,1515,https://open.spotify.com/track/209gZgcfLq2aUuu51vOWBl,2018-01-05,hn
62,Otra Vez (feat. J Balvin),Zion & Lennox,1501,https://open.spotify.com/track/3QwBODjSEzelZyVjxPOHdq,2018-01-05,hn
63,Imitadora,Romeo Santos,1498,https://open.spotify.com/track/6r46lnXFbE9fr2d3KNaGbe,2018-01-05,hn
64,Something Just Like This,The Chainsmokers,1472,https://open.spotify.com/track/6RUKPb4LETWmmr3iAEQktW,2018-01-05,hn
65,Bebe (feat. Anuel AA),Ozuna,1449,https://open.spotify.com/track/6SIrNxmmdbv1KUbFBu1PaN,2018-01-05,hn
66,Bella,Wolfine,1429,https://open.spotify.com/track/4R55IUi2x7S5ek2SpebOiE,2018-01-05,hn
67,Perfect Duet (Ed Sheeran & Beyoncé),Ed Sheeran,1419,https://open.spotify.com/track/1bhUWB0zJMIKr9yVPrkEuI,2018-01-05,hn
68,Thunder,Imagine Dragons,1383,https://open.spotify.com/track/0tKcYR2II1VCQWT79i5NrW,2018-01-05,hn
69,La Formula (feat. Chris Jeday),De La Ghetto,1337,https://open.spotify.com/track/4XCQtUoRSh22Ep18ULmDnT,2018-01-05,hn
70,Congratulations,Post Malone,1325,https://open.spotify.com/track/3a1lNhkSLSkpJE4MSHpDu9,2018-01-05,hn
71,"Tu No Metes Cabra Remix (feat. Daddy Yankee, Anuel AA & Cosculluela)",Bad Bunny,1311,https://open.spotify.com/track/0QQNA8bZqefrGfsShzlZkb,2018-01-05,hn
72,Despacito (Featuring Daddy Yankee),Luis Fonsi,1298,https://open.spotify.com/track/4aWmUDTfIPGksMNLV2rQP2,2018-01-05,hn
73,Feels,Calvin Harris,1253,https://open.spotify.com/track/5bcTCxgc7xVfSaMV3RuVke,2018-01-05,hn
74,Diabla - Official Remix,Farruko,1250,https://open.spotify.com/track/2OxUtaKYeahAGNaBiahXtR,2018-01-05,hn
75,Escápate Conmigo - Remix,Wisin,1245,https://open.spotify.com/track/5YY7ht3PCArlLjLbcTiAvh,2018-01-05,hn
76,"Let Me Go (with Alesso, Florida Georgia Line & watt)",Hailee Steinfeld,1245,https://open.spotify.com/track/5AEtlRudpgdT5FtNiuly6Y,2018-01-05,hn
77,Silence,Marshmello,1222,https://open.spotify.com/track/7vGuf3Y35N4wmASOKLUVVU,2018-01-05,hn
78,Bonita - Remix,J Balvin,1216,https://open.spotify.com/track/400nZFg9JEXd9DTBJf1PE3,2018-01-05,hn
79,Esperándote,Manuel Turizo,1204,https://open.spotify.com/track/1nfyE13arjOuO54HH0zmqj,2018-01-05,hn
80,Soy Peor,Bad Bunny,1197,https://open.spotify.com/track/5MT96Zz0ymUJNm8obKZQr0,2018-01-05,hn
81,Attention,Charlie Puth,1185,https://open.spotify.com/track/4iLqG9SeJSnt0cSPICSjxv,2018-01-05,hn
82,Sigo Extrañándote,J Balvin,1171,https://open.spotify.com/track/6qDF4wWL49CAVbgT7yuHl8,2018-01-05,hn
83,Me Llamas (feat. Maluma) - Remix,Piso 21,1165,https://open.spotify.com/track/5hEM0JchdVzQ5PwvSfITeX,2018-01-05,hn
84,Déjate Llevar,Juan Magán,1152,https://open.spotify.com/track/3xWEI23MLJrD0dpDcDUTW6,2018-01-05,hn
85,Thinking Out Loud,Ed Sheeran,1151,https://open.spotify.com/track/1Slwb6dOYkBlWal1PGtnNg,2018-01-05,hn
86,Mamita,CNCO,1150,https://open.spotify.com/track/5ojXuKXBYq0apcNucYSDXq,2018-01-05,hn
87,Besame,Valentino,1141,https://open.spotify.com/track/7Ckhk1XW5NV2k4jpqtQNlz,2018-01-05,hn
88,Netflixxx,Brytiago,1131,https://open.spotify.com/track/5gFAT2DbEt4TOMXyAMEixG,2018-01-05,hn
89,Him & I (with Halsey),G-Eazy,1125,https://open.spotify.com/track/5k38wzpLb15YgncyWdTZE4,2018-01-05,hn
90,#Natural,Paty Cantú,1120,https://open.spotify.com/track/6QY4K8DzL1HtAZbz7BGGOx,2018-01-05,hn
91,No Te Hagas,Jory Boy,1119,https://open.spotify.com/track/5hKjEpYrJIJs6uPl7zw6Y6,2018-01-05,hn
92,Loco Enamorado,Abraham Mateo,1108,https://open.spotify.com/track/4N1c5rmWOzRmB9SMacr5wB,2018-01-05,hn
93,Believer,Imagine Dragons,1108,https://open.spotify.com/track/0CcQNd8CINkwQfe1RDtGV6,2018-01-05,hn
94,Me Mata,Bad Bunny,1101,https://open.spotify.com/track/2wgDAPgBhFA7pnIbm0YOhP,2018-01-05,hn
95,Traicionera,Sebastian Yatra,1086,https://open.spotify.com/track/5J1c3M4EldCfNxXwrwt8mT,2018-01-05,hn
96,La Rompe Corazones,Daddy Yankee,1069,https://open.spotify.com/track/4okba5wu9mMLXx79DXLKi3,2018-01-05,hn
97,Besándote,Piso 21,1063,https://open.spotify.com/track/13X0XdLMOdtbXVtAj2ox4h,2018-01-05,hn
98,Vitamina,Maluma,1057,https://open.spotify.com/track/5W9oqM9MkYU0DVBic748ZJ,2018-01-05,hn
99,That's What I Like,Bruno Mars,1054,https://open.spotify.com/track/0KKkJNfGyhkQ5aFogxQAPU,2018-01-05,hn
100,No Lie,Sean Paul,1051,https://open.spotify.com/track/3cFsmM51N5zMAuu1nNY4Tw,2018-01-05,hn
101,Si Tu Lo Dejas,Rvssian,1046,https://open.spotify.com/track/2naJy8SKJ27gj6ZhRPDKaz,2018-01-05,hn
102,Mi Mala,Mau y Ricky,1045,https://open.spotify.com/track/4XP6qLtHI0n9UjIPTsuqe8,2018-01-05,hn
103,River (feat. Ed Sheeran),Eminem,1045,https://open.spotify.com/track/5UEnHoDYpsxlfzWLZIc7LD,2018-01-05,hn
104,Closer,The Chainsmokers,1043,https://open.spotify.com/track/7BKLCZ1jbUBVqRi2FVlTVw,2018-01-05,hn
105,Let Me Love You,DJ Snake,1034,https://open.spotify.com/track/4pdPtRcBmOSQDlJ3Fk945m,2018-01-05,hn
106,One Dance,Drake,1031,https://open.spotify.com/track/1xznGGDReH1oQq0xzbwXa3,2018-01-05,hn
107,Probablemente,Christian Nodal,1013,https://open.spotify.com/track/4prmUBle7TtAeeUgCnsc3Z,2018-01-05,hn
108,Scared to Be Lonely,Martin Garrix,1009,https://open.spotify.com/track/3ebXMykcMXOcLeJ9xZ17XH,2018-01-05,hn
109,Me Vas a Extrañar,Banda Sinaloense MS de Sergio Lizárraga,1005,https://open.spotify.com/track/2yS8aYWXEWJ1NlZ7VPDroT,2018-01-05,hn
1,Sensualidad,Bad Bunny,6979,https://open.spotify.com/track/5hcisvFMidkMJlElTO9Qmw,2018-01-06,hn
2,Criminal,Natti Natasha,5829,https://open.spotify.com/track/6Za3190Sbw39BBC77WSS1C,2018-01-06,hn
3,Solo,Amenazzy,5764,https://open.spotify.com/track/6zkgZ1pA4xHLMLgPXaF0Rk,2018-01-06,hn
4,Déjala Que Vuelva (feat. Manuel Turizo),Piso 21,5482,https://open.spotify.com/track/33bnxcjePIkcmNjEFTJX0l,2018-01-06,hn
5,Corazón,Maluma,5324,https://open.spotify.com/track/4lESS6vuruP6a79KWRaQou,2018-01-06,hn
6,Échame La Culpa,Luis Fonsi,5078,https://open.spotify.com/track/1zsG4eaZmkA1dvjDDsAGLK,2018-01-06,hn
7,Se Preparó,Ozuna,4699,https://open.spotify.com/track/1m69ELEgE6k5ZWsap40ozt,2018-01-06,hn
8,Downtown,Anitta,4668,https://open.spotify.com/track/3Ga6eKrUFf12ouh9Yw3v2D,2018-01-06,hn
9,Que Va,Alex Sensation,4359,https://open.spotify.com/track/7ofxPmTNMj2GP07g1VZa0O,2018-01-06,hn
10,Me Rehúso,Danny Ocean,4265,https://open.spotify.com/track/6De0lHrwBfPfrhorm9q1Xl,2018-01-06,hn
11,Mayores,Becky G,4261,https://open.spotify.com/track/7JNh1cfm0eXjqFVOzKLyau,2018-01-06,hn
12,Vuelve,Daddy Yankee,4158,https://open.spotify.com/track/0lJCqIx5BhZtf6QtYI2fbv,2018-01-06,hn
13,Báilame - Remix,Nacho,3816,https://open.spotify.com/track/3VClLWqNn80Llv0PJOsKgr,2018-01-06,hn
14,Robarte un Beso,Carlos Vives,3758,https://open.spotify.com/track/0JcNysfWVWaMS7R6vzGB2k,2018-01-06,hn
15,Chambea,Bad Bunny,3710,https://open.spotify.com/track/6ElmxV9B2mSNscEjP27M7i,2018-01-06,hn
16,Quiero Repetir,Ozuna,3568,https://open.spotify.com/track/0MIcPSq9n2z5H8TAfEstri,2018-01-06,hn
17,Bella y Sensual,Romeo Santos,3330,https://open.spotify.com/track/0ERbK7qVqveCaBWIiYCrl3,2018-01-06,hn
18,rockstar,Post Malone,3205,https://open.spotify.com/track/7wGoVu4Dady5GV0Sv4UIsx,2018-01-06,hn
19,Escápate Conmigo,Wisin,3181,https://open.spotify.com/track/1KSqYYJFyfTecXFk9M0prc,2018-01-06,hn
20,SUTRA,Sebastian Yatra,3072,https://open.spotify.com/track/5TmZYdHW6HJ9gt7Aokuql5,2018-01-06,hn
21,Adiós Amor,Christian Nodal,3013,https://open.spotify.com/track/63bmZnBN1CiJ9sA4qTEe8y,2018-01-06,hn
22,New Rules,Dua Lipa,3001,https://open.spotify.com/track/2ekn2ttSfGqwhhate0LSR0,2018-01-06,hn
23,Perro Fiel,Shakira,2938,https://open.spotify.com/track/70lnL3QaSOIIyMa2X9aVRL,2018-01-06,hn
24,Suena El Dembow,Joey Montana,2872,https://open.spotify.com/track/5TysCiZtv1HnSWcTcUFusI,2018-01-06,hn
25,Perfect,Ed Sheeran,2861,https://open.spotify.com/track/0tgVpDi06FyKpA1z0VMD4v,2018-01-06,hn
26,Havana,Camila Cabello,2852,https://open.spotify.com/track/0ofbQMrRDsUaVKq2mGLEAb,2018-01-06,hn
27,Explícale,Yandel,2798,https://open.spotify.com/track/1LszjjoVwDDZcWUQbzeDLG,2018-01-06,hn
28,Una Lady Como Tú,Manuel Turizo,2795,https://open.spotify.com/track/7MHN1aCFtLXjownGhvEQlF,2018-01-06,hn
29,El Farsante,Ozuna,2784,https://open.spotify.com/track/5EId1m4DNwTf3at31w8bPJ,2018-01-06,hn
30,Ahora Dice,Chris Jeday,2741,https://open.spotify.com/track/22eADXu8DfOAUEDw4vU8qy,2018-01-06,hn
31,Mi Gente,J Balvin,2734,https://open.spotify.com/track/2rb5MvYT7ZIxbKW5hfcHx8,2018-01-06,hn
32,Bonita,J Balvin,2619,https://open.spotify.com/track/693iqPOQvhI7PobtR8CC8v,2018-01-06,hn
33,"Sola (Remix) [feat. Daddy Yankee, Wisin, Farruko, Zion & Lennox]",Anuel Aa,2596,https://open.spotify.com/track/5q2JbCNi4FcnglgPfxcV65,2018-01-06,hn
34,Shape of You,Ed Sheeran,2520,https://open.spotify.com/track/7qiZfU4dY1lWllzX7mPBI3,2018-01-06,hn
35,What Lovers Do (feat. SZA),Maroon 5,2518,https://open.spotify.com/track/3hBBKuWJfxlIlnd9QFoC8k,2018-01-06,hn
36,Bum Bum Tam Tam,MC Fioti,2510,https://open.spotify.com/track/4zWO4gvuFtw6EJZC5FFGlr,2018-01-06,hn
37,Dembow,Danny Ocean,2496,https://open.spotify.com/track/2EzRdhuoPyNJDlep7lnNf2,2018-01-06,hn
38,Havana - Remix,Camila Cabello,2469,https://open.spotify.com/track/3whrwq4DtvucphBPUogRuJ,2018-01-06,hn
39,Felices los 4,Maluma,2380,https://open.spotify.com/track/0qYTZCo5Bwh1nsUFGZP3zn,2018-01-06,hn
40,Wolves,Selena Gomez,2259,https://open.spotify.com/track/7EmGUiUaOSGDnUUQUDrOXC,2018-01-06,hn
41,La Modelo,Ozuna,2250,https://open.spotify.com/track/2m2ZGfJcs3lHWNPzhWH3XH,2018-01-06,hn
42,Síguelo Bailando,Ozuna,2223,https://open.spotify.com/track/5Y9fnynLlIvqtM710MHzfz,2018-01-06,hn
43,Solo - Remix,Lary Over,2125,https://open.spotify.com/track/3l7mBXrUfRwa4VO8nHLAgJ,2018-01-06,hn
44,Gucci Gang,Lil Pump,2072,https://open.spotify.com/track/43ZyHQITOjhciSUUNPVRHc,2018-01-06,hn
45,Cásate Conmigo,Silvestre Dangond,2059,https://open.spotify.com/track/6f4UPdDBQONKJBRqwZGjaJ,2018-01-06,hn
46,Too Good At Goodbyes,Sam Smith,1989,https://open.spotify.com/track/1mXVgsBdtIVeCLJnSnmtdV,2018-01-06,hn
47,Tú Foto,Ozuna,1961,https://open.spotify.com/track/5zSOVwaY3sVjnmLhuEfsuf,2018-01-06,hn
48,GPS,Maluma,1927,https://open.spotify.com/track/3t6j6WNv2OSn6qm5Vxynub,2018-01-06,hn
49,El Color de Tus Ojos,Banda Sinaloense MS de Sergio Lizárraga,1869,https://open.spotify.com/track/1l77YWrGUp3qX3NS1rz7lq,2018-01-06,hn
50,Krippy Kush,Farruko,1841,https://open.spotify.com/track/7FfpP3YZ6fOWMdxkIAtud9,2018-01-06,hn
51,Ahora Se,Lary Over,1798,https://open.spotify.com/track/3hfpB94cfVvdLAnm8TUBAv,2018-01-06,hn
52,Me Emborrachare - Bachata Radio Edit,Grupo Extra,1642,https://open.spotify.com/track/3iGjLTDqokSuf6yYI83wzi,2018-01-06,hn
53,Sexto Sentido (feat. Bad Bunny),Gigolo Y La Exce,1634,https://open.spotify.com/track/3iDPALl8BoUbuXZgy6EOWY,2018-01-06,hn
54,Ahora Me Llama,Karol G,1632,https://open.spotify.com/track/11ZRYISCsAsLyyJo47DudZ,2018-01-06,hn
55,"Diles (feat. Arcangel, Nengo Flow, Dj Luian & Mambo Kings)",Farruko,1590,https://open.spotify.com/track/2FrnTVSHjgnEylKGdHRUK1,2018-01-06,hn
56,Si Tú La Ves,Nicky Jam,1579,https://open.spotify.com/track/4yN6xPLopmTLvc27pO9LIE,2018-01-06,hn
57,Como Antes,Yandel,1543,https://open.spotify.com/track/5YzA563GXTuwQaRq24z1k5,2018-01-06,hn
58,Otra Vez (feat. J Balvin),Zion & Lennox,1533,https://open.spotify.com/track/3QwBODjSEzelZyVjxPOHdq,2018-01-06,hn
59,Bella,Wolfine,1524,https://open.spotify.com/track/4R55IUi2x7S5ek2SpebOiE,2018-01-06,hn
60,Unforgettable,French Montana,1515,https://open.spotify.com/track/3B54sVLJ402zGa6Xm4YGNe,2018-01-06,hn
61,Bebe (feat. Anuel AA),Ozuna,1488,https://open.spotify.com/track/6SIrNxmmdbv1KUbFBu1PaN,2018-01-06,hn
62,Hey DJ,CNCO,1471,https://open.spotify.com/track/209gZgcfLq2aUuu51vOWBl,2018-01-06,hn
63,Imitadora,Romeo Santos,1457,https://open.spotify.com/track/6r46lnXFbE9fr2d3KNaGbe,2018-01-06,hn
64,3 A.M.,Jesse & Joy,1426,https://open.spotify.com/track/0yyZN5ASdrYu0XYWFzfxUu,2018-01-06,hn
65,Dusk Till Dawn - Radio Edit,ZAYN,1391,https://open.spotify.com/track/1j4kHkkpqZRBwE0A4CN4Yv,2018-01-06,hn
66,Thunder,Imagine Dragons,1328,https://open.spotify.com/track/0tKcYR2II1VCQWT79i5NrW,2018-01-06,hn
67,Esperándote,Manuel Turizo,1321,https://open.spotify.com/track/1nfyE13arjOuO54HH0zmqj,2018-01-06,hn
68,La Formula (feat. Chris Jeday),De La Ghetto,1320,https://open.spotify.com/track/4XCQtUoRSh22Ep18ULmDnT,2018-01-06,hn
69,Despacito (Featuring Daddy Yankee),Luis Fonsi,1316,https://open.spotify.com/track/4aWmUDTfIPGksMNLV2rQP2,2018-01-06,hn
70,Something Just Like This,The Chainsmokers,1303,https://open.spotify.com/track/6RUKPb4LETWmmr3iAEQktW,2018-01-06,hn
71,Diabla - Official Remix,Farruko,1294,https://open.spotify.com/track/2OxUtaKYeahAGNaBiahXtR,2018-01-06,hn
72,#Natural,Paty Cantú,1291,https://open.spotify.com/track/6QY4K8DzL1HtAZbz7BGGOx,2018-01-06,hn
73,Escápate Conmigo - Remix,Wisin,1258,https://open.spotify.com/track/5YY7ht3PCArlLjLbcTiAvh,2018-01-06,hn
74,Sigo Extrañándote,J Balvin,1252,https://open.spotify.com/track/6qDF4wWL49CAVbgT7yuHl8,2018-01-06,hn
75,"Tu No Metes Cabra Remix (feat. Daddy Yankee, Anuel AA & Cosculluela)",Bad Bunny,1252,https://open.spotify.com/track/0QQNA8bZqefrGfsShzlZkb,2018-01-06,hn
76,Bonita - Remix,J Balvin,1241,https://open.spotify.com/track/400nZFg9JEXd9DTBJf1PE3,2018-01-06,hn
77,Perfect Duet (Ed Sheeran & Beyoncé),Ed Sheeran,1237,https://open.spotify.com/track/1bhUWB0zJMIKr9yVPrkEuI,2018-01-06,hn
78,Soy Peor,Bad Bunny,1231,https://open.spotify.com/track/5MT96Zz0ymUJNm8obKZQr0,2018-01-06,hn
79,Déjate Llevar,Juan Magán,1226,https://open.spotify.com/track/3xWEI23MLJrD0dpDcDUTW6,2018-01-06,hn
80,Netflixxx,Brytiago,1199,https://open.spotify.com/track/5gFAT2DbEt4TOMXyAMEixG,2018-01-06,hn
81,Congratulations,Post Malone,1198,https://open.spotify.com/track/3a1lNhkSLSkpJE4MSHpDu9,2018-01-06,hn
82,La Rompe Corazones,Daddy Yankee,1196,https://open.spotify.com/track/4okba5wu9mMLXx79DXLKi3,2018-01-06,hn
83,Loco Enamorado,Abraham Mateo,1181,https://open.spotify.com/track/4N1c5rmWOzRmB9SMacr5wB,2018-01-06,hn
84,Besame,Valentino,1177,https://open.spotify.com/track/7Ckhk1XW5NV2k4jpqtQNlz,2018-01-06,hn
85,"Let Me Go (with Alesso, Florida Georgia Line & watt)",Hailee Steinfeld,1174,https://open.spotify.com/track/5AEtlRudpgdT5FtNiuly6Y,2018-01-06,hn
86,Me Vas a Extrañar,Banda Sinaloense MS de Sergio Lizárraga,1167,https://open.spotify.com/track/2yS8aYWXEWJ1NlZ7VPDroT,2018-01-06,hn
87,Feels,Calvin Harris,1144,https://open.spotify.com/track/5bcTCxgc7xVfSaMV3RuVke,2018-01-06,hn
88,Mamita,CNCO,1130,https://open.spotify.com/track/5ojXuKXBYq0apcNucYSDXq,2018-01-06,hn
89,Thinking Out Loud,Ed Sheeran,1122,https://open.spotify.com/track/1Slwb6dOYkBlWal1PGtnNg,2018-01-06,hn
90,No Te Hagas,Jory Boy,1120,https://open.spotify.com/track/5hKjEpYrJIJs6uPl7zw6Y6,2018-01-06,hn
91,Probablemente,Christian Nodal,1118,https://open.spotify.com/track/4prmUBle7TtAeeUgCnsc3Z,2018-01-06,hn
92,Si Tu Lo Dejas,Rvssian,1110,https://open.spotify.com/track/2naJy8SKJ27gj6ZhRPDKaz,2018-01-06,hn
93,Me Mata,Bad Bunny,1095,https://open.spotify.com/track/2wgDAPgBhFA7pnIbm0YOhP,2018-01-06,hn
94,El Granjero,Arcangel,1095,https://open.spotify.com/track/7k3SjypJ8lF9WWu8Op0We0,2018-01-06,hn
95,Attention,Charlie Puth,1089,https://open.spotify.com/track/4iLqG9SeJSnt0cSPICSjxv,2018-01-06,hn
96,Tengo Que Colgar,Banda Sinaloense MS de Sergio Lizárraga,1086,https://open.spotify.com/track/2yGNkkwU2iT0doFxkxhcXH,2018-01-06,hn
97,Believer,Imagine Dragons,1063,https://open.spotify.com/track/0CcQNd8CINkwQfe1RDtGV6,2018-01-06,hn
98,Me Llamas (feat. Maluma) - Remix,Piso 21,1053,https://open.spotify.com/track/5hEM0JchdVzQ5PwvSfITeX,2018-01-06,hn
99,No Lie,Sean Paul,1052,https://open.spotify.com/track/3cFsmM51N5zMAuu1nNY4Tw,2018-01-06,hn
100,Traicionera,Sebastian Yatra,1049,https://open.spotify.com/track/5J1c3M4EldCfNxXwrwt8mT,2018-01-06,hn
101,Him & I (with Halsey),G-Eazy,1043,https://open.spotify.com/track/5k38wzpLb15YgncyWdTZE4,2018-01-06,hn
102,Solo Con Verte,Banda Sinaloense MS de Sergio Lizárraga,1041,https://open.spotify.com/track/5z4O1H0vFY0Nh4ZMtfgapP,2018-01-06,hn
103,Una Lady Como Tú - Remix,Manuel Turizo,1036,https://open.spotify.com/track/7MMRoGvm7uhoUVhGvHJ3yW,2018-01-06,hn
104,Silence,Marshmello,1029,https://open.spotify.com/track/7vGuf3Y35N4wmASOKLUVVU,2018-01-06,hn
105,Let Me Love You,DJ Snake,1029,https://open.spotify.com/track/4pdPtRcBmOSQDlJ3Fk945m,2018-01-06,hn
106,Siempre Te Voy A Querer,Calibre 50,1025,https://open.spotify.com/track/3VK8copXwqvAueMPhnBe6K,2018-01-06,hn
107,That's What I Like,Bruno Mars,1009,https://open.spotify.com/track/0KKkJNfGyhkQ5aFogxQAPU,2018-01-06,hn
1,Sensualidad,Bad Bunny,6274,https://open.spotify.com/track/5hcisvFMidkMJlElTO9Qmw,2018-01-07,hn
2,Criminal,Natti Natasha,5304,https://open.spotify.com/track/6Za3190Sbw39BBC77WSS1C,2018-01-07,hn
3,Solo,Amenazzy,5223,https://open.spotify.com/track/6zkgZ1pA4xHLMLgPXaF0Rk,2018-01-07,hn
4,Déjala Que Vuelva (feat. Manuel Turizo),Piso 21,4848,https://open.spotify.com/track/33bnxcjePIkcmNjEFTJX0l,2018-01-07,hn
5,Corazón,Maluma,4604,https://open.spotify.com/track/4lESS6vuruP6a79KWRaQou,2018-01-07,hn
6,Échame La Culpa,Luis Fonsi,4408,https://open.spotify.com/track/1zsG4eaZmkA1dvjDDsAGLK,2018-01-07,hn
7,Downtown,Anitta,4182,https://open.spotify.com/track/3Ga6eKrUFf12ouh9Yw3v2D,2018-01-07,hn
8,Se Preparó,Ozuna,4171,https://open.spotify.com/track/1m69ELEgE6k5ZWsap40ozt,2018-01-07,hn
9,Mayores,Becky G,3987,https://open.spotify.com/track/7JNh1cfm0eXjqFVOzKLyau,2018-01-07,hn
10,Vuelve,Daddy Yankee,3848,https://open.spotify.com/track/0lJCqIx5BhZtf6QtYI2fbv,2018-01-07,hn
11,Que Va,Alex Sensation,3844,https://open.spotify.com/track/7ofxPmTNMj2GP07g1VZa0O,2018-01-07,hn
12,Me Rehúso,Danny Ocean,3752,https://open.spotify.com/track/6De0lHrwBfPfrhorm9q1Xl,2018-01-07,hn
13,Báilame - Remix,Nacho,3397,https://open.spotify.com/track/3VClLWqNn80Llv0PJOsKgr,2018-01-07,hn
14,Chambea,Bad Bunny,3356,https://open.spotify.com/track/6ElmxV9B2mSNscEjP27M7i,2018-01-07,hn
15,Robarte un Beso,Carlos Vives,3330,https://open.spotify.com/track/0JcNysfWVWaMS7R6vzGB2k,2018-01-07,hn
16,Quiero Repetir,Ozuna,3224,https://open.spotify.com/track/0MIcPSq9n2z5H8TAfEstri,2018-01-07,hn
17,Bella y Sensual,Romeo Santos,3048,https://open.spotify.com/track/0ERbK7qVqveCaBWIiYCrl3,2018-01-07,hn
18,rockstar,Post Malone,2927,https://open.spotify.com/track/7wGoVu4Dady5GV0Sv4UIsx,2018-01-07,hn
19,Escápate Conmigo,Wisin,2848,https://open.spotify.com/track/1KSqYYJFyfTecXFk9M0prc,2018-01-07,hn
20,SUTRA,Sebastian Yatra,2819,https://open.spotify.com/track/5TmZYdHW6HJ9gt7Aokuql5,2018-01-07,hn
21,Adiós Amor,Christian Nodal,2749,https://open.spotify.com/track/63bmZnBN1CiJ9sA4qTEe8y,2018-01-07,hn
22,Havana,Camila Cabello,2706,https://open.spotify.com/track/0ofbQMrRDsUaVKq2mGLEAb,2018-01-07,hn
23,Perro Fiel,Shakira,2641,https://open.spotify.com/track/70lnL3QaSOIIyMa2X9aVRL,2018-01-07,hn
24,New Rules,Dua Lipa,2618,https://open.spotify.com/track/2ekn2ttSfGqwhhate0LSR0,2018-01-07,hn
25,Suena El Dembow,Joey Montana,2570,https://open.spotify.com/track/5TysCiZtv1HnSWcTcUFusI,2018-01-07,hn
26,Explícale,Yandel,2496,https://open.spotify.com/track/1LszjjoVwDDZcWUQbzeDLG,2018-01-07,hn
27,Perfect,Ed Sheeran,2490,https://open.spotify.com/track/0tgVpDi06FyKpA1z0VMD4v,2018-01-07,hn
28,Una Lady Como Tú,Manuel Turizo,2470,https://open.spotify.com/track/7MHN1aCFtLXjownGhvEQlF,2018-01-07,hn
29,Bonita,J Balvin,2454,https://open.spotify.com/track/693iqPOQvhI7PobtR8CC8v,2018-01-07,hn
30,Ahora Dice,Chris Jeday,2453,https://open.spotify.com/track/22eADXu8DfOAUEDw4vU8qy,2018-01-07,hn
31,El Farsante,Ozuna,2437,https://open.spotify.com/track/5EId1m4DNwTf3at31w8bPJ,2018-01-07,hn
32,"Sola (Remix) [feat. Daddy Yankee, Wisin, Farruko, Zion & Lennox]",Anuel Aa,2378,https://open.spotify.com/track/5q2JbCNi4FcnglgPfxcV65,2018-01-07,hn
33,Mi Gente,J Balvin,2351,https://open.spotify.com/track/2rb5MvYT7ZIxbKW5hfcHx8,2018-01-07,hn
34,Dembow,Danny Ocean,2266,https://open.spotify.com/track/2EzRdhuoPyNJDlep7lnNf2,2018-01-07,hn
35,Bum Bum Tam Tam,MC Fioti,2265,https://open.spotify.com/track/4zWO4gvuFtw6EJZC5FFGlr,2018-01-07,hn
36,Felices los 4,Maluma,2225,https://open.spotify.com/track/0qYTZCo5Bwh1nsUFGZP3zn,2018-01-07,hn
37,Havana - Remix,Camila Cabello,2197,https://open.spotify.com/track/3whrwq4DtvucphBPUogRuJ,2018-01-07,hn
38,Shape of You,Ed Sheeran,2133,https://open.spotify.com/track/7qiZfU4dY1lWllzX7mPBI3,2018-01-07,hn
39,What Lovers Do (feat. SZA),Maroon 5,2100,https://open.spotify.com/track/3hBBKuWJfxlIlnd9QFoC8k,2018-01-07,hn
40,El Color de Tus Ojos,Banda Sinaloense MS de Sergio Lizárraga,2031,https://open.spotify.com/track/1l77YWrGUp3qX3NS1rz7lq,2018-01-07,hn
41,Wolves,Selena Gomez,2004,https://open.spotify.com/track/7EmGUiUaOSGDnUUQUDrOXC,2018-01-07,hn
42,La Modelo,Ozuna,1968,https://open.spotify.com/track/2m2ZGfJcs3lHWNPzhWH3XH,2018-01-07,hn
43,Síguelo Bailando,Ozuna,1967,https://open.spotify.com/track/5Y9fnynLlIvqtM710MHzfz,2018-01-07,hn
44,Solo - Remix,Lary Over,1922,https://open.spotify.com/track/3l7mBXrUfRwa4VO8nHLAgJ,2018-01-07,hn
45,Gucci Gang,Lil Pump,1902,https://open.spotify.com/track/43ZyHQITOjhciSUUNPVRHc,2018-01-07,hn
46,GPS,Maluma,1842,https://open.spotify.com/track/3t6j6WNv2OSn6qm5Vxynub,2018-01-07,hn
47,Tú Foto,Ozuna,1834,https://open.spotify.com/track/5zSOVwaY3sVjnmLhuEfsuf,2018-01-07,hn
48,Too Good At Goodbyes,Sam Smith,1825,https://open.spotify.com/track/1mXVgsBdtIVeCLJnSnmtdV,2018-01-07,hn
49,Cásate Conmigo,Silvestre Dangond,1811,https://open.spotify.com/track/6f4UPdDBQONKJBRqwZGjaJ,2018-01-07,hn
50,Krippy Kush,Farruko,1667,https://open.spotify.com/track/7FfpP3YZ6fOWMdxkIAtud9,2018-01-07,hn
51,Me Emborrachare - Bachata Radio Edit,Grupo Extra,1559,https://open.spotify.com/track/3iGjLTDqokSuf6yYI83wzi,2018-01-07,hn
52,Sexto Sentido (feat. Bad Bunny),Gigolo Y La Exce,1500,https://open.spotify.com/track/3iDPALl8BoUbuXZgy6EOWY,2018-01-07,hn
53,"Diles (feat. Arcangel, Nengo Flow, Dj Luian & Mambo Kings)",Farruko,1487,https://open.spotify.com/track/2FrnTVSHjgnEylKGdHRUK1,2018-01-07,hn
54,Ahora Me Llama,Karol G,1482,https://open.spotify.com/track/11ZRYISCsAsLyyJo47DudZ,2018-01-07,hn
55,Ahora Se,Lary Over,1476,https://open.spotify.com/track/3hfpB94cfVvdLAnm8TUBAv,2018-01-07,hn
56,Unforgettable,French Montana,1378,https://open.spotify.com/track/3B54sVLJ402zGa6Xm4YGNe,2018-01-07,hn
57,Otra Vez (feat. J Balvin),Zion & Lennox,1371,https://open.spotify.com/track/3QwBODjSEzelZyVjxPOHdq,2018-01-07,hn
58,Si Tú La Ves,Nicky Jam,1370,https://open.spotify.com/track/4yN6xPLopmTLvc27pO9LIE,2018-01-07,hn
59,Bebe (feat. Anuel AA),Ozuna,1366,https://open.spotify.com/track/6SIrNxmmdbv1KUbFBu1PaN,2018-01-07,hn
60,Como Antes,Yandel,1358,https://open.spotify.com/track/5YzA563GXTuwQaRq24z1k5,2018-01-07,hn
61,Imitadora,Romeo Santos,1333,https://open.spotify.com/track/6r46lnXFbE9fr2d3KNaGbe,2018-01-07,hn
62,Hey DJ,CNCO,1311,https://open.spotify.com/track/209gZgcfLq2aUuu51vOWBl,2018-01-07,hn
63,El Granjero,Arcangel,1273,https://open.spotify.com/track/7k3SjypJ8lF9WWu8Op0We0,2018-01-07,hn
64,Dusk Till Dawn - Radio Edit,ZAYN,1247,https://open.spotify.com/track/1j4kHkkpqZRBwE0A4CN4Yv,2018-01-07,hn
65,Bella,Wolfine,1247,https://open.spotify.com/track/4R55IUi2x7S5ek2SpebOiE,2018-01-07,hn
66,#Natural,Paty Cantú,1246,https://open.spotify.com/track/6QY4K8DzL1HtAZbz7BGGOx,2018-01-07,hn
67,3 A.M.,Jesse & Joy,1239,https://open.spotify.com/track/0yyZN5ASdrYu0XYWFzfxUu,2018-01-07,hn
68,La Formula (feat. Chris Jeday),De La Ghetto,1221,https://open.spotify.com/track/4XCQtUoRSh22Ep18ULmDnT,2018-01-07,hn
69,Despacito (Featuring Daddy Yankee),Luis Fonsi,1215,https://open.spotify.com/track/4aWmUDTfIPGksMNLV2rQP2,2018-01-07,hn
70,Escápate Conmigo - Remix,Wisin,1210,https://open.spotify.com/track/5YY7ht3PCArlLjLbcTiAvh,2018-01-07,hn
71,Thunder,Imagine Dragons,1209,https://open.spotify.com/track/0tKcYR2II1VCQWT79i5NrW,2018-01-07,hn
72,Perfect Duet (Ed Sheeran & Beyoncé),Ed Sheeran,1206,https://open.spotify.com/track/1bhUWB0zJMIKr9yVPrkEuI,2018-01-07,hn
73,Diabla - Official Remix,Farruko,1191,https://open.spotify.com/track/2OxUtaKYeahAGNaBiahXtR,2018-01-07,hn
74,Congratulations,Post Malone,1185,https://open.spotify.com/track/3a1lNhkSLSkpJE4MSHpDu9,2018-01-07,hn
75,"Tu No Metes Cabra Remix (feat. Daddy Yankee, Anuel AA & Cosculluela)",Bad Bunny,1167,https://open.spotify.com/track/0QQNA8bZqefrGfsShzlZkb,2018-01-07,hn
76,Me Vas a Extrañar,Banda Sinaloense MS de Sergio Lizárraga,1149,https://open.spotify.com/track/2yS8aYWXEWJ1NlZ7VPDroT,2018-01-07,hn
77,Something Just Like This,The Chainsmokers,1148,https://open.spotify.com/track/6RUKPb4LETWmmr3iAEQktW,2018-01-07,hn
78,Esperándote,Manuel Turizo,1096,https://open.spotify.com/track/1nfyE13arjOuO54HH0zmqj,2018-01-07,hn
79,Sigo Extrañándote,J Balvin,1092,https://open.spotify.com/track/6qDF4wWL49CAVbgT7yuHl8,2018-01-07,hn
80,Netflixxx,Brytiago,1088,https://open.spotify.com/track/5gFAT2DbEt4TOMXyAMEixG,2018-01-07,hn
81,Loco Enamorado,Abraham Mateo,1080,https://open.spotify.com/track/4N1c5rmWOzRmB9SMacr5wB,2018-01-07,hn
82,Soy Peor,Bad Bunny,1080,https://open.spotify.com/track/5MT96Zz0ymUJNm8obKZQr0,2018-01-07,hn
83,Probablemente,Christian Nodal,1069,https://open.spotify.com/track/4prmUBle7TtAeeUgCnsc3Z,2018-01-07,hn
84,Me Mata,Bad Bunny,1062,https://open.spotify.com/track/2wgDAPgBhFA7pnIbm0YOhP,2018-01-07,hn
85,Tengo Que Colgar,Banda Sinaloense MS de Sergio Lizárraga,1057,https://open.spotify.com/track/2yGNkkwU2iT0doFxkxhcXH,2018-01-07,hn
86,Bonita - Remix,J Balvin,1046,https://open.spotify.com/track/400nZFg9JEXd9DTBJf1PE3,2018-01-07,hn
87,Si Tu Lo Dejas,Rvssian,1034,https://open.spotify.com/track/2naJy8SKJ27gj6ZhRPDKaz,2018-01-07,hn
88,"Let Me Go (with Alesso, Florida Georgia Line & watt)",Hailee Steinfeld,1034,https://open.spotify.com/track/5AEtlRudpgdT5FtNiuly6Y,2018-01-07,hn
89,Thinking Out Loud,Ed Sheeran,1026,https://open.spotify.com/track/1Slwb6dOYkBlWal1PGtnNg,2018-01-07,hn
90,Déjate Llevar,Juan Magán,1025,https://open.spotify.com/track/3xWEI23MLJrD0dpDcDUTW6,2018-01-07,hn
91,Siempre Te Voy A Querer,Calibre 50,1022,https://open.spotify.com/track/3VK8copXwqvAueMPhnBe6K,2018-01-07,hn
92,La Rompe Corazones,Daddy Yankee,1008,https://open.spotify.com/track/4okba5wu9mMLXx79DXLKi3,2018-01-07,hn
93,Finesse (Remix) [feat. Cardi B],Bruno Mars,1004,https://open.spotify.com/track/3Vo4wInECJQuz9BIBMOu8i,2018-01-07,hn
1,Sensualidad,Bad Bunny,6334,https://open.spotify.com/track/5hcisvFMidkMJlElTO9Qmw,2018-01-08,hn
2,Solo,Amenazzy,5180,https://open.spotify.com/track/6zkgZ1pA4xHLMLgPXaF0Rk,2018-01-08,hn
3,Déjala Que Vuelva (feat. Manuel Turizo),Piso 21,5159,https://open.spotify.com/track/33bnxcjePIkcmNjEFTJX0l,2018-01-08,hn
4,Criminal,Natti Natasha,4964,https://open.spotify.com/track/6Za3190Sbw39BBC77WSS1C,2018-01-08,hn
5,Échame La Culpa,Luis Fonsi,4753,https://open.spotify.com/track/1zsG4eaZmkA1dvjDDsAGLK,2018-01-08,hn
6,Corazón,Maluma,4732,https://open.spotify.com/track/4lESS6vuruP6a79KWRaQou,2018-01-08,hn
7,Downtown,Anitta,4571,https://open.spotify.com/track/3Ga6eKrUFf12ouh9Yw3v2D,2018-01-08,hn
8,Se Preparó,Ozuna,4215,https://open.spotify.com/track/1m69ELEgE6k5ZWsap40ozt,2018-01-08,hn
9,Vuelve,Daddy Yankee,3943,https://open.spotify.com/track/0lJCqIx5BhZtf6QtYI2fbv,2018-01-08,hn
10,Que Va,Alex Sensation,3751,https://open.spotify.com/track/7ofxPmTNMj2GP07g1VZa0O,2018-01-08,hn
11,Me Rehúso,Danny Ocean,3629,https://open.spotify.com/track/6De0lHrwBfPfrhorm9q1Xl,2018-01-08,hn
12,Mayores,Becky G,3607,https://open.spotify.com/track/7JNh1cfm0eXjqFVOzKLyau,2018-01-08,hn
13,Quiero Repetir,Ozuna,3497,https://open.spotify.com/track/0MIcPSq9n2z5H8TAfEstri,2018-01-08,hn
14,Chambea,Bad Bunny,3491,https://open.spotify.com/track/6ElmxV9B2mSNscEjP27M7i,2018-01-08,hn
15,Báilame - Remix,Nacho,3381,https://open.spotify.com/track/3VClLWqNn80Llv0PJOsKgr,2018-01-08,hn
16,Robarte un Beso,Carlos Vives,3374,https://open.spotify.com/track/0JcNysfWVWaMS7R6vzGB2k,2018-01-08,hn
17,rockstar,Post Malone,3083,https://open.spotify.com/track/7wGoVu4Dady5GV0Sv4UIsx,2018-01-08,hn
18,Bella y Sensual,Romeo Santos,3042,https://open.spotify.com/track/0ERbK7qVqveCaBWIiYCrl3,2018-01-08,hn
19,Perfect,Ed Sheeran,3020,https://open.spotify.com/track/0tgVpDi06FyKpA1z0VMD4v,2018-01-08,hn
20,SUTRA,Sebastian Yatra,2928,https://open.spotify.com/track/5TmZYdHW6HJ9gt7Aokuql5,2018-01-08,hn
21,New Rules,Dua Lipa,2891,https://open.spotify.com/track/2ekn2ttSfGqwhhate0LSR0,2018-01-08,hn
22,Escápate Conmigo,Wisin,2810,https://open.spotify.com/track/1KSqYYJFyfTecXFk9M0prc,2018-01-08,hn
23,Havana,Camila Cabello,2783,https://open.spotify.com/track/0ofbQMrRDsUaVKq2mGLEAb,2018-01-08,hn
24,Suena El Dembow,Joey Montana,2719,https://open.spotify.com/track/5TysCiZtv1HnSWcTcUFusI,2018-01-08,hn
25,Explícale,Yandel,2562,https://open.spotify.com/track/1LszjjoVwDDZcWUQbzeDLG,2018-01-08,hn
26,Perro Fiel,Shakira,2521,https://open.spotify.com/track/70lnL3QaSOIIyMa2X9aVRL,2018-01-08,hn
27,Una Lady Como Tú,Manuel Turizo,2510,https://open.spotify.com/track/7MHN1aCFtLXjownGhvEQlF,2018-01-08,hn
28,El Farsante,Ozuna,2488,https://open.spotify.com/track/5EId1m4DNwTf3at31w8bPJ,2018-01-08,hn
29,Shape of You,Ed Sheeran,2454,https://open.spotify.com/track/7qiZfU4dY1lWllzX7mPBI3,2018-01-08,hn
30,Dembow,Danny Ocean,2423,https://open.spotify.com/track/2EzRdhuoPyNJDlep7lnNf2,2018-01-08,hn
31,Adiós Amor,Christian Nodal,2418,https://open.spotify.com/track/63bmZnBN1CiJ9sA4qTEe8y,2018-01-08,hn
32,Ahora Dice,Chris Jeday,2341,https://open.spotify.com/track/22eADXu8DfOAUEDw4vU8qy,2018-01-08,hn
33,What Lovers Do (feat. SZA),Maroon 5,2326,https://open.spotify.com/track/3hBBKuWJfxlIlnd9QFoC8k,2018-01-08,hn
34,Mi Gente,J Balvin,2313,https://open.spotify.com/track/2rb5MvYT7ZIxbKW5hfcHx8,2018-01-08,hn
35,"Sola (Remix) [feat. Daddy Yankee, Wisin, Farruko, Zion & Lennox]",Anuel Aa,2310,https://open.spotify.com/track/5q2JbCNi4FcnglgPfxcV65,2018-01-08,hn
36,Bum Bum Tam Tam,MC Fioti,2302,https://open.spotify.com/track/4zWO4gvuFtw6EJZC5FFGlr,2018-01-08,hn
37,Bonita,J Balvin,2285,https://open.spotify.com/track/693iqPOQvhI7PobtR8CC8v,2018-01-08,hn
38,Wolves,Selena Gomez,2205,https://open.spotify.com/track/7EmGUiUaOSGDnUUQUDrOXC,2018-01-08,hn
39,Havana - Remix,Camila Cabello,2146,https://open.spotify.com/track/3whrwq4DtvucphBPUogRuJ,2018-01-08,hn
40,Síguelo Bailando,Ozuna,2114,https://open.spotify.com/track/5Y9fnynLlIvqtM710MHzfz,2018-01-08,hn
41,La Modelo,Ozuna,2105,https://open.spotify.com/track/2m2ZGfJcs3lHWNPzhWH3XH,2018-01-08,hn
42,Too Good At Goodbyes,Sam Smith,2090,https://open.spotify.com/track/1mXVgsBdtIVeCLJnSnmtdV,2018-01-08,hn
43,Felices los 4,Maluma,2051,https://open.spotify.com/track/0qYTZCo5Bwh1nsUFGZP3zn,2018-01-08,hn
44,El Color de Tus Ojos,Banda Sinaloense MS de Sergio Lizárraga,2002,https://open.spotify.com/track/1l77YWrGUp3qX3NS1rz7lq,2018-01-08,hn
45,Gucci Gang,Lil Pump,1998,https://open.spotify.com/track/43ZyHQITOjhciSUUNPVRHc,2018-01-08,hn
46,GPS,Maluma,1995,https://open.spotify.com/track/3t6j6WNv2OSn6qm5Vxynub,2018-01-08,hn
47,Cásate Conmigo,Silvestre Dangond,1956,https://open.spotify.com/track/6f4UPdDBQONKJBRqwZGjaJ,2018-01-08,hn
48,Solo - Remix,Lary Over,1924,https://open.spotify.com/track/3l7mBXrUfRwa4VO8nHLAgJ,2018-01-08,hn
49,Tú Foto,Ozuna,1805,https://open.spotify.com/track/5zSOVwaY3sVjnmLhuEfsuf,2018-01-08,hn
50,Krippy Kush,Farruko,1573,https://open.spotify.com/track/7FfpP3YZ6fOWMdxkIAtud9,2018-01-08,hn
51,Dusk Till Dawn - Radio Edit,ZAYN,1554,https://open.spotify.com/track/1j4kHkkpqZRBwE0A4CN4Yv,2018-01-08,hn
52,Sexto Sentido (feat. Bad Bunny),Gigolo Y La Exce,1549,https://open.spotify.com/track/3iDPALl8BoUbuXZgy6EOWY,2018-01-08,hn
53,"Diles (feat. Arcangel, Nengo Flow, Dj Luian & Mambo Kings)",Farruko,1543,https://open.spotify.com/track/2FrnTVSHjgnEylKGdHRUK1,2018-01-08,hn
54,El Granjero,Arcangel,1520,https://open.spotify.com/track/7k3SjypJ8lF9WWu8Op0We0,2018-01-08,hn
55,Me Emborrachare - Bachata Radio Edit,Grupo Extra,1502,https://open.spotify.com/track/3iGjLTDqokSuf6yYI83wzi,2018-01-08,hn
56,Perfect Duet (Ed Sheeran & Beyoncé),Ed Sheeran,1502,https://open.spotify.com/track/1bhUWB0zJMIKr9yVPrkEuI,2018-01-08,hn
57,Ahora Se,Lary Over,1489,https://open.spotify.com/track/3hfpB94cfVvdLAnm8TUBAv,2018-01-08,hn
58,Unforgettable,French Montana,1475,https://open.spotify.com/track/3B54sVLJ402zGa6Xm4YGNe,2018-01-08,hn
59,Como Antes,Yandel,1468,https://open.spotify.com/track/5YzA563GXTuwQaRq24z1k5,2018-01-08,hn
60,Ahora Me Llama,Karol G,1468,https://open.spotify.com/track/11ZRYISCsAsLyyJo47DudZ,2018-01-08,hn
61,Bella,Wolfine,1462,https://open.spotify.com/track/4R55IUi2x7S5ek2SpebOiE,2018-01-08,hn
62,Imitadora,Romeo Santos,1445,https://open.spotify.com/track/6r46lnXFbE9fr2d3KNaGbe,2018-01-08,hn
63,Bebe (feat. Anuel AA),Ozuna,1394,https://open.spotify.com/track/6SIrNxmmdbv1KUbFBu1PaN,2018-01-08,hn
64,Si Tú La Ves,Nicky Jam,1352,https://open.spotify.com/track/4yN6xPLopmTLvc27pO9LIE,2018-01-08,hn
65,Hey DJ,CNCO,1345,https://open.spotify.com/track/209gZgcfLq2aUuu51vOWBl,2018-01-08,hn
66,Otra Vez (feat. J Balvin),Zion & Lennox,1342,https://open.spotify.com/track/3QwBODjSEzelZyVjxPOHdq,2018-01-08,hn
67,Finesse (Remix) [feat. Cardi B],Bruno Mars,1333,https://open.spotify.com/track/3Vo4wInECJQuz9BIBMOu8i,2018-01-08,hn
68,Something Just Like This,The Chainsmokers,1312,https://open.spotify.com/track/6RUKPb4LETWmmr3iAEQktW,2018-01-08,hn
69,3 A.M.,Jesse & Joy,1310,https://open.spotify.com/track/0yyZN5ASdrYu0XYWFzfxUu,2018-01-08,hn
70,Thinking Out Loud,Ed Sheeran,1279,https://open.spotify.com/track/1Slwb6dOYkBlWal1PGtnNg,2018-01-08,hn
71,"Let Me Go (with Alesso, Florida Georgia Line & watt)",Hailee Steinfeld,1273,https://open.spotify.com/track/5AEtlRudpgdT5FtNiuly6Y,2018-01-08,hn
72,Thunder,Imagine Dragons,1270,https://open.spotify.com/track/0tKcYR2II1VCQWT79i5NrW,2018-01-08,hn
73,La Formula (feat. Chris Jeday),De La Ghetto,1262,https://open.spotify.com/track/4XCQtUoRSh22Ep18ULmDnT,2018-01-08,hn
74,Esperándote,Manuel Turizo,1262,https://open.spotify.com/track/1nfyE13arjOuO54HH0zmqj,2018-01-08,hn
75,Congratulations,Post Malone,1218,https://open.spotify.com/track/3a1lNhkSLSkpJE4MSHpDu9,2018-01-08,hn
76,Diabla - Official Remix,Farruko,1185,https://open.spotify.com/track/2OxUtaKYeahAGNaBiahXtR,2018-01-08,hn
77,Déjate Llevar,Juan Magán,1168,https://open.spotify.com/track/3xWEI23MLJrD0dpDcDUTW6,2018-01-08,hn
78,Despacito (Featuring Daddy Yankee),Luis Fonsi,1167,https://open.spotify.com/track/4aWmUDTfIPGksMNLV2rQP2,2018-01-08,hn
79,"Tu No Metes Cabra Remix (feat. Daddy Yankee, Anuel AA & Cosculluela)",Bad Bunny,1166,https://open.spotify.com/track/0QQNA8bZqefrGfsShzlZkb,2018-01-08,hn
80,Escápate Conmigo - Remix,Wisin,1162,https://open.spotify.com/track/5YY7ht3PCArlLjLbcTiAvh,2018-01-08,hn
81,#Natural,Paty Cantú,1156,https://open.spotify.com/track/6QY4K8DzL1HtAZbz7BGGOx,2018-01-08,hn
82,Him & I (with Halsey),G-Eazy,1137,https://open.spotify.com/track/5k38wzpLb15YgncyWdTZE4,2018-01-08,hn
83,River (feat. Ed Sheeran),Eminem,1123,https://open.spotify.com/track/5UEnHoDYpsxlfzWLZIc7LD,2018-01-08,hn
84,Sigo Extrañándote,J Balvin,1107,https://open.spotify.com/track/6qDF4wWL49CAVbgT7yuHl8,2018-01-08,hn
85,Bonita - Remix,J Balvin,1107,https://open.spotify.com/track/400nZFg9JEXd9DTBJf1PE3,2018-01-08,hn
86,Me Mata,Bad Bunny,1096,https://open.spotify.com/track/2wgDAPgBhFA7pnIbm0YOhP,2018-01-08,hn
87,Silence,Marshmello,1092,https://open.spotify.com/track/7vGuf3Y35N4wmASOKLUVVU,2018-01-08,hn
88,Soy Peor,Bad Bunny,1086,https://open.spotify.com/track/5MT96Zz0ymUJNm8obKZQr0,2018-01-08,hn
89,No Te Hagas,Jory Boy,1078,https://open.spotify.com/track/5hKjEpYrJIJs6uPl7zw6Y6,2018-01-08,hn
90,Attention,Charlie Puth,1078,https://open.spotify.com/track/4iLqG9SeJSnt0cSPICSjxv,2018-01-08,hn
91,Mamita,CNCO,1064,https://open.spotify.com/track/5ojXuKXBYq0apcNucYSDXq,2018-01-08,hn
92,Loco Enamorado,Abraham Mateo,1061,https://open.spotify.com/track/4N1c5rmWOzRmB9SMacr5wB,2018-01-08,hn
93,La Rompe Corazones,Daddy Yankee,1058,https://open.spotify.com/track/4okba5wu9mMLXx79DXLKi3,2018-01-08,hn
94,Movimiento Naranja Regional,Movimiento Ciudadano,1041,https://open.spotify.com/track/5u9HlSPeBN7W79Y91WPEYK,2018-01-08,hn
95,Feels,Calvin Harris,1035,https://open.spotify.com/track/5bcTCxgc7xVfSaMV3RuVke,2018-01-08,hn
96,Besame,Valentino,1032,https://open.spotify.com/track/7Ckhk1XW5NV2k4jpqtQNlz,2018-01-08,hn
97,Me Llamas (feat. Maluma) - Remix,Piso 21,1028,https://open.spotify.com/track/5hEM0JchdVzQ5PwvSfITeX,2018-01-08,hn
98,No Lie,Sean Paul,1025,https://open.spotify.com/track/3cFsmM51N5zMAuu1nNY4Tw,2018-01-08,hn
99,Scared to Be Lonely,Martin Garrix,1018,https://open.spotify.com/track/3ebXMykcMXOcLeJ9xZ17XH,2018-01-08,hn
100,Netflixxx,Brytiago,1016,https://open.spotify.com/track/5gFAT2DbEt4TOMXyAMEixG,2018-01-08,hn
1,Sensualidad,Bad Bunny,6523,https://open.spotify.com/track/5hcisvFMidkMJlElTO9Qmw,2018-01-09,hn
2,Solo,Amenazzy,5439,https://open.spotify.com/track/6zkgZ1pA4xHLMLgPXaF0Rk,2018-01-09,hn
3,Déjala Que Vuelva (feat. Manuel Turizo),Piso 21,5434,https://open.spotify.com/track/33bnxcjePIkcmNjEFTJX0l,2018-01-09,hn
4,Criminal,Natti Natasha,5335,https://open.spotify.com/track/6Za3190Sbw39BBC77WSS1C,2018-01-09,hn
5,Corazón,Maluma,5167,https://open.spotify.com/track/4lESS6vuruP6a79KWRaQou,2018-01-09,hn
6,Échame La Culpa,Luis Fonsi,4927,https://open.spotify.com/track/1zsG4eaZmkA1dvjDDsAGLK,2018-01-09,hn
7,Downtown,Anitta,4724,https://open.spotify.com/track/3Ga6eKrUFf12ouh9Yw3v2D,2018-01-09,hn
8,Se Preparó,Ozuna,4333,https://open.spotify.com/track/1m69ELEgE6k5ZWsap40ozt,2018-01-09,hn
9,Mayores,Becky G,4013,https://open.spotify.com/track/7JNh1cfm0eXjqFVOzKLyau,2018-01-09,hn
10,Vuelve,Daddy Yankee,3986,https://open.spotify.com/track/0lJCqIx5BhZtf6QtYI2fbv,2018-01-09,hn
11,Que Va,Alex Sensation,3947,https://open.spotify.com/track/7ofxPmTNMj2GP07g1VZa0O,2018-01-09,hn
12,Me Rehúso,Danny Ocean,3759,https://open.spotify.com/track/6De0lHrwBfPfrhorm9q1Xl,2018-01-09,hn
13,Chambea,Bad Bunny,3612,https://open.spotify.com/track/6ElmxV9B2mSNscEjP27M7i,2018-01-09,hn
14,Quiero Repetir,Ozuna,3594,https://open.spotify.com/track/0MIcPSq9n2z5H8TAfEstri,2018-01-09,hn
15,Robarte un Beso,Carlos Vives,3468,https://open.spotify.com/track/0JcNysfWVWaMS7R6vzGB2k,2018-01-09,hn
16,Báilame - Remix,Nacho,3449,https://open.spotify.com/track/3VClLWqNn80Llv0PJOsKgr,2018-01-09,hn
17,rockstar,Post Malone,3224,https://open.spotify.com/track/7wGoVu4Dady5GV0Sv4UIsx,2018-01-09,hn
18,Bella y Sensual,Romeo Santos,3068,https://open.spotify.com/track/0ERbK7qVqveCaBWIiYCrl3,2018-01-09,hn
19,Perfect,Ed Sheeran,2959,https://open.spotify.com/track/0tgVpDi06FyKpA1z0VMD4v,2018-01-09,hn
20,Escápate Conmigo,Wisin,2945,https://open.spotify.com/track/1KSqYYJFyfTecXFk9M0prc,2018-01-09,hn
21,New Rules,Dua Lipa,2945,https://open.spotify.com/track/2ekn2ttSfGqwhhate0LSR0,2018-01-09,hn
22,SUTRA,Sebastian Yatra,2889,https://open.spotify.com/track/5TmZYdHW6HJ9gt7Aokuql5,2018-01-09,hn
23,Suena El Dembow,Joey Montana,2852,https://open.spotify.com/track/5TysCiZtv1HnSWcTcUFusI,2018-01-09,hn
24,Havana,Camila Cabello,2847,https://open.spotify.com/track/0ofbQMrRDsUaVKq2mGLEAb,2018-01-09,hn
25,Perro Fiel,Shakira,2681,https://open.spotify.com/track/70lnL3QaSOIIyMa2X9aVRL,2018-01-09,hn
26,Dembow,Danny Ocean,2641,https://open.spotify.com/track/2EzRdhuoPyNJDlep7lnNf2,2018-01-09,hn
27,El Farsante,Ozuna,2619,https://open.spotify.com/track/5EId1m4DNwTf3at31w8bPJ,2018-01-09,hn
28,Ahora Dice,Chris Jeday,2546,https://open.spotify.com/track/22eADXu8DfOAUEDw4vU8qy,2018-01-09,hn
29,Una Lady Como Tú,Manuel Turizo,2523,https://open.spotify.com/track/7MHN1aCFtLXjownGhvEQlF,2018-01-09,hn
30,Adiós Amor,Christian Nodal,2521,https://open.spotify.com/track/63bmZnBN1CiJ9sA4qTEe8y,2018-01-09,hn
31,Explícale,Yandel,2504,https://open.spotify.com/track/1LszjjoVwDDZcWUQbzeDLG,2018-01-09,hn
32,What Lovers Do (feat. SZA),Maroon 5,2480,https://open.spotify.com/track/3hBBKuWJfxlIlnd9QFoC8k,2018-01-09,hn
33,Shape of You,Ed Sheeran,2459,https://open.spotify.com/track/7qiZfU4dY1lWllzX7mPBI3,2018-01-09,hn
34,Mi Gente,J Balvin,2437,https://open.spotify.com/track/2rb5MvYT7ZIxbKW5hfcHx8,2018-01-09,hn
35,Bonita,J Balvin,2420,https://open.spotify.com/track/693iqPOQvhI7PobtR8CC8v,2018-01-09,hn
36,Bum Bum Tam Tam,MC Fioti,2412,https://open.spotify.com/track/4zWO4gvuFtw6EJZC5FFGlr,2018-01-09,hn
37,"Sola (Remix) [feat. Daddy Yankee, Wisin, Farruko, Zion & Lennox]",Anuel Aa,2396,https://open.spotify.com/track/5q2JbCNi4FcnglgPfxcV65,2018-01-09,hn
38,La Modelo,Ozuna,2374,https://open.spotify.com/track/2m2ZGfJcs3lHWNPzhWH3XH,2018-01-09,hn
39,Wolves,Selena Gomez,2343,https://open.spotify.com/track/7EmGUiUaOSGDnUUQUDrOXC,2018-01-09,hn
40,Felices los 4,Maluma,2267,https://open.spotify.com/track/0qYTZCo5Bwh1nsUFGZP3zn,2018-01-09,hn
41,Too Good At Goodbyes,Sam Smith,2196,https://open.spotify.com/track/1mXVgsBdtIVeCLJnSnmtdV,2018-01-09,hn
42,Havana - Remix,Camila Cabello,2131,https://open.spotify.com/track/3whrwq4DtvucphBPUogRuJ,2018-01-09,hn
43,Síguelo Bailando,Ozuna,2114,https://open.spotify.com/track/5Y9fnynLlIvqtM710MHzfz,2018-01-09,hn
44,El Color de Tus Ojos,Banda Sinaloense MS de Sergio Lizárraga,2018,https://open.spotify.com/track/1l77YWrGUp3qX3NS1rz7lq,2018-01-09,hn
45,GPS,Maluma,2018,https://open.spotify.com/track/3t6j6WNv2OSn6qm5Vxynub,2018-01-09,hn
46,Solo - Remix,Lary Over,2005,https://open.spotify.com/track/3l7mBXrUfRwa4VO8nHLAgJ,2018-01-09,hn
47,Gucci Gang,Lil Pump,1942,https://open.spotify.com/track/43ZyHQITOjhciSUUNPVRHc,2018-01-09,hn
48,Tú Foto,Ozuna,1887,https://open.spotify.com/track/5zSOVwaY3sVjnmLhuEfsuf,2018-01-09,hn
49,Cásate Conmigo,Silvestre Dangond,1865,https://open.spotify.com/track/6f4UPdDBQONKJBRqwZGjaJ,2018-01-09,hn
50,Sexto Sentido (feat. Bad Bunny),Gigolo Y La Exce,1668,https://open.spotify.com/track/3iDPALl8BoUbuXZgy6EOWY,2018-01-09,hn
51,El Granjero,Arcangel,1659,https://open.spotify.com/track/7k3SjypJ8lF9WWu8Op0We0,2018-01-09,hn
52,Bella,Wolfine,1640,https://open.spotify.com/track/4R55IUi2x7S5ek2SpebOiE,2018-01-09,hn
53,"Diles (feat. Arcangel, Nengo Flow, Dj Luian & Mambo Kings)",Farruko,1560,https://open.spotify.com/track/2FrnTVSHjgnEylKGdHRUK1,2018-01-09,hn
54,Krippy Kush,Farruko,1558,https://open.spotify.com/track/7FfpP3YZ6fOWMdxkIAtud9,2018-01-09,hn
55,Perfect Duet (Ed Sheeran & Beyoncé),Ed Sheeran,1542,https://open.spotify.com/track/1bhUWB0zJMIKr9yVPrkEuI,2018-01-09,hn
56,Ahora Se,Lary Over,1513,https://open.spotify.com/track/3hfpB94cfVvdLAnm8TUBAv,2018-01-09,hn
57,Si Tú La Ves,Nicky Jam,1499,https://open.spotify.com/track/4yN6xPLopmTLvc27pO9LIE,2018-01-09,hn
58,Como Antes,Yandel,1490,https://open.spotify.com/track/5YzA563GXTuwQaRq24z1k5,2018-01-09,hn
59,Dusk Till Dawn - Radio Edit,ZAYN,1490,https://open.spotify.com/track/1j4kHkkpqZRBwE0A4CN4Yv,2018-01-09,hn
60,Ahora Me Llama,Karol G,1466,https://open.spotify.com/track/11ZRYISCsAsLyyJo47DudZ,2018-01-09,hn
61,Imitadora,Romeo Santos,1442,https://open.spotify.com/track/6r46lnXFbE9fr2d3KNaGbe,2018-01-09,hn
62,Finesse (Remix) [feat. Cardi B],Bruno Mars,1440,https://open.spotify.com/track/3Vo4wInECJQuz9BIBMOu8i,2018-01-09,hn
63,Unforgettable,French Montana,1431,https://open.spotify.com/track/3B54sVLJ402zGa6Xm4YGNe,2018-01-09,hn
64,3 A.M.,Jesse & Joy,1414,https://open.spotify.com/track/0yyZN5ASdrYu0XYWFzfxUu,2018-01-09,hn
65,Otra Vez (feat. J Balvin),Zion & Lennox,1405,https://open.spotify.com/track/3QwBODjSEzelZyVjxPOHdq,2018-01-09,hn
66,Bebe (feat. Anuel AA),Ozuna,1393,https://open.spotify.com/track/6SIrNxmmdbv1KUbFBu1PaN,2018-01-09,hn
67,#Natural,Paty Cantú,1381,https://open.spotify.com/track/6QY4K8DzL1HtAZbz7BGGOx,2018-01-09,hn
68,Hey DJ,CNCO,1339,https://open.spotify.com/track/209gZgcfLq2aUuu51vOWBl,2018-01-09,hn
69,Thunder,Imagine Dragons,1339,https://open.spotify.com/track/0tKcYR2II1VCQWT79i5NrW,2018-01-09,hn
70,Esperándote,Manuel Turizo,1326,https://open.spotify.com/track/1nfyE13arjOuO54HH0zmqj,2018-01-09,hn
71,Me Emborrachare - Bachata Radio Edit,Grupo Extra,1305,https://open.spotify.com/track/3iGjLTDqokSuf6yYI83wzi,2018-01-09,hn
72,Diabla - Official Remix,Farruko,1296,https://open.spotify.com/track/2OxUtaKYeahAGNaBiahXtR,2018-01-09,hn
73,"Let Me Go (with Alesso, Florida Georgia Line & watt)",Hailee Steinfeld,1294,https://open.spotify.com/track/5AEtlRudpgdT5FtNiuly6Y,2018-01-09,hn
74,Something Just Like This,The Chainsmokers,1279,https://open.spotify.com/track/6RUKPb4LETWmmr3iAEQktW,2018-01-09,hn
75,Congratulations,Post Malone,1273,https://open.spotify.com/track/3a1lNhkSLSkpJE4MSHpDu9,2018-01-09,hn
76,Thinking Out Loud,Ed Sheeran,1258,https://open.spotify.com/track/1Slwb6dOYkBlWal1PGtnNg,2018-01-09,hn
77,"Tu No Metes Cabra Remix (feat. Daddy Yankee, Anuel AA & Cosculluela)",Bad Bunny,1255,https://open.spotify.com/track/0QQNA8bZqefrGfsShzlZkb,2018-01-09,hn
78,La Formula (feat. Chris Jeday),De La Ghetto,1197,https://open.spotify.com/track/4XCQtUoRSh22Ep18ULmDnT,2018-01-09,hn
79,Despacito (Featuring Daddy Yankee),Luis Fonsi,1196,https://open.spotify.com/track/4aWmUDTfIPGksMNLV2rQP2,2018-01-09,hn
80,Soy Peor,Bad Bunny,1173,https://open.spotify.com/track/5MT96Zz0ymUJNm8obKZQr0,2018-01-09,hn
81,Mamita,CNCO,1163,https://open.spotify.com/track/5ojXuKXBYq0apcNucYSDXq,2018-01-09,hn
82,Déjate Llevar,Juan Magán,1157,https://open.spotify.com/track/3xWEI23MLJrD0dpDcDUTW6,2018-01-09,hn
83,Escápate Conmigo - Remix,Wisin,1143,https://open.spotify.com/track/5YY7ht3PCArlLjLbcTiAvh,2018-01-09,hn
84,Loco Enamorado,Abraham Mateo,1138,https://open.spotify.com/track/4N1c5rmWOzRmB9SMacr5wB,2018-01-09,hn
85,Feels,Calvin Harris,1118,https://open.spotify.com/track/5bcTCxgc7xVfSaMV3RuVke,2018-01-09,hn
86,Me Mata,Bad Bunny,1116,https://open.spotify.com/track/2wgDAPgBhFA7pnIbm0YOhP,2018-01-09,hn
87,Sigo Extrañándote,J Balvin,1114,https://open.spotify.com/track/6qDF4wWL49CAVbgT7yuHl8,2018-01-09,hn
88,Attention,Charlie Puth,1114,https://open.spotify.com/track/4iLqG9SeJSnt0cSPICSjxv,2018-01-09,hn
89,Besame,Valentino,1113,https://open.spotify.com/track/7Ckhk1XW5NV2k4jpqtQNlz,2018-01-09,hn
90,No Te Hagas,Jory Boy,1113,https://open.spotify.com/track/5hKjEpYrJIJs6uPl7zw6Y6,2018-01-09,hn
91,Scared to Be Lonely,Martin Garrix,1100,https://open.spotify.com/track/3ebXMykcMXOcLeJ9xZ17XH,2018-01-09,hn
92,Si Tu Lo Dejas,Rvssian,1090,https://open.spotify.com/track/2naJy8SKJ27gj6ZhRPDKaz,2018-01-09,hn
93,Him & I (with Halsey),G-Eazy,1087,https://open.spotify.com/track/5k38wzpLb15YgncyWdTZE4,2018-01-09,hn
94,Silence,Marshmello,1083,https://open.spotify.com/track/7vGuf3Y35N4wmASOKLUVVU,2018-01-09,hn
95,Netflixxx,Brytiago,1075,https://open.spotify.com/track/5gFAT2DbEt4TOMXyAMEixG,2018-01-09,hn
96,Me Vas a Extrañar,Banda Sinaloense MS de Sergio Lizárraga,1072,https://open.spotify.com/track/2yS8aYWXEWJ1NlZ7VPDroT,2018-01-09,hn
97,Bonita - Remix,J Balvin,1065,https://open.spotify.com/track/400nZFg9JEXd9DTBJf1PE3,2018-01-09,hn
98,River (feat. Ed Sheeran),Eminem,1062,https://open.spotify.com/track/5UEnHoDYpsxlfzWLZIc7LD,2018-01-09,hn
99,Movimiento Naranja Regional,Movimiento Ciudadano,1052,https://open.spotify.com/track/5u9HlSPeBN7W79Y91WPEYK,2018-01-09,hn
100,Tacos Altos,Farruko,1051,https://open.spotify.com/track/66pK7thQ0yw1xlqw8AQSlw,2018-01-09,hn
101,That's What I Like,Bruno Mars,1049,https://open.spotify.com/track/0KKkJNfGyhkQ5aFogxQAPU,2018-01-09,hn
102,Closer,The Chainsmokers,1048,https://open.spotify.com/track/7BKLCZ1jbUBVqRi2FVlTVw,2018-01-09,hn
103,La Rompe Corazones,Daddy Yankee,1045,https://open.spotify.com/track/4okba5wu9mMLXx79DXLKi3,2018-01-09,hn
104,Me Llamas (feat. Maluma) - Remix,Piso 21,1044,https://open.spotify.com/track/5hEM0JchdVzQ5PwvSfITeX,2018-01-09,hn
105,Photograph,Ed Sheeran,1026,https://open.spotify.com/track/6fxVffaTuwjgEk5h9QyRjy,2018-01-09,hn
106,I Feel It Coming,The Weeknd,1025,https://open.spotify.com/track/5GXAXm5YOmYT0kL5jHvYBt,2018-01-09,hn
